NOME,SIGLA,ID,FOTO,NOMES_CIENTIFICOS,N_SEMENTES_G,N_DIAS_GERMINACAO,NECESSIDADE_KG_HA,CICLO_DIAS_INV,CICLO_DIAS_VER,ESPACAMENTO_LINHA_PLANTAS,EPOCA_PLANTIO_R1,EPOCA_PLANTIO_R2,EPOCA_PLANTIO_R3,DESCRICAO,TAMANHO
Abóbora ,MINI JACK ,55,"","[""Pumpkin Mini Jack"", ""Zapallo Mini Jack"", ""Cucurbita pepo""]",15,4 - 8,2.0,"","",100 x 100,R1 Todo ano,R3 Ago - Fev,"","",""
Abóbora Híbrida ,MAJESTADE,912,"","[""Squash Hybrid Majesty"", ""Zapallo Hibrida Majestade"", ""Cucurbita moschata x C. moschata""]",11,4 - 8,1.0,"","",200 x 100,R1 Todo ano,R3 Ago - Fev,"","",""
Abóbora Híbrida,TETSUKABUTO F1,16,"","[""Squash Hybrid Tetsukabuto"", ""Zapallo Hibrido Tetsukabuto"", ""Cucurbita maxima x Cucurbita moschata""]",5,4 - 8,0.6,"","",300 x 300,R1 Todo ano,R3 Ago - Jan,"","",""
Abóbora Híbrida ,TETSUKABUTO CHIKARA ,915,"","[""Squash Hybrid Tetsukabuto Chikara"", ""Zapallito Hibrido Tetsukabuto Chikara"", ""Cucurbita maxima ""]",5,4 - 8,0.6,"","",300 x 300,R1 Todo ano,R3 Ago - Jan,"","",""
Abóbora Híbrida,GLORIA,916,"","[""Squash Hybrid Butternut Gloria"", ""Zapallito Hibrido Butternut Gloria"", ""Cucurbita moschata""]",10,4 - 8,0.75,"","",200 x 200,R1 Todo ano,R3 Ago - Jan,"","",""
Abobrinha Híbrida,GIOCONDA ,901,"","[""Squash Hybrid Gioconda"", ""Zapallito Hibrido Gioconda "", ""Cucurbita pepo""]",7,4 - 8,4.5,"","",100 x 100,R1 Todo ano,R3 Ago - Fev,"","",""
Abobrinha Híbrida,PALOMA,902,"","[""Squash Hybrid Paloma"", ""Zapallito Hibrido Paloma"", ""Cucurbita pepo""]",7,4 - 8,4.5,"","",100 x 100,R1 Todo ano,R3 Ago - Fev,"","",""
Abobrinha Híbrida,GRINGO F1 ,903,"","[""Squash Hybrid Gringo"", ""Zapallito Hibrido Gringo"", ""Cucurbita pepo""]",7,4 - 8,4.5,"","",100 x 100,R1 Todo ano,R3 Ago - Fev,"","",""
Abobrinha Híbrida,GIALLA,904,"","[""Squash Hybrid Gialla"", ""Zapallito Hibrida Gialla"", ""Cucurbita pepo""]",7,4 - 8,4.5,"","",100 x 100,R1 Todo ano,R3 Ago - Fev,"","",""
Abobrinha Híbrida,CATHARINA,906,"","[""Squash Hybrid Catharina"", ""Zapallito Hibrido Catharina"", ""Cucurbita pepo""]",7,4 - 8,4.5,"","",100 x 100,R1 Todo ano,R3 Ago - Fev,"","",""
Abobrinha Híbrida,VÊNETO ,907,"","[""Squash Hybrid Veneto"", ""Zapallito Hibrido Veneto"", ""Cucurbita pepo""]",7,4 - 8,4.5,"","",100 x 100,R1 Todo ano,R3 Ago - Fev,"","",""
Abobrinha ,DE TRONCO BRANCA ,6,"","[""Squash Vegetable White Bush"", ""Zapallito de Tronco Blanco"", ""Cucurbita pepo""]",7,4 - 8,4.5,"","",100 x 100,R1 Todo ano,R3 Ago - Fev,"","",""
Abobrinha,DE TRONCO CASERTA ,7,"","[""Squash Caserta"", ""Zapallito de Tronco Caserta"", ""Cucurbita pepo""]",7,4 - 8,4.5,"","",100 x 100,R1 Todo ano,R3 Ago - Fev,"","",""
Abobrinha,DE TRONCO REDONDA,8,"","[""Squash Round South American"", ""Zapallito de Tronco Verde"", ""Cucurbita maxima""]",7,4 - 8,4.5,"","",100 x 100,R1 Todo ano,R3 Ago - Fev,"","",""
Abobrinha ,REDONDA CLARA,11,"","[""Squash Round Blond"", ""Zapallito Redondo Claro"", ""Cucurbita pepo""]",5,4 - 8,4.5,"","",100 x 100,R1 Todo ano,R3 Ago - Fev,"","",""
Abóbora,MAMMOTH,1,"","[""Pumpkin Big Max"", ""Zapalo Mammoth"", ""Cucurbita pepo""]",2,4 - 8,1.5,"","",400 x 400,R1 Todo ano,R3 Ago - Dez,"","",""
Abóbora,MENINA BRASILEIRA ,2,"","[""Pumpkin Cushaw Golden"", ""Calabacin Menina Brasileira"", ""Cucurbita moschata""]",11,4 - 8,0.4,"","",300 x 300,R1 Todo ano,R3 Ago - Dez,"","",""
j4Abóbora ,MENINA BRASILEIRA PRECOCE,3,"","[""Pumpkin Early Cushaw Golden"", ""Calabacin Menina Verde Rayado"", ""Cucurbita moschata""]",11,4 - 8,0.4,"","",300 x 300,R1 Todo ano,R3 Ago - Fev,"","",""
Abóbora ,MENINA RAJADA (SECA),4,"","[""Pumpkin Cushaw Green Striped"", ""Calabacin Menina Verde Rayado"", ""Cucurbita moschata""]",10,4 - 8,0.4,"","",400 x 400,R1 Todo ano,R3 Ago - Nov,"","",""
Abóbora,GOIANINHA,5,"","[""Pumpkin Cushaw Short Green Striped"", ""Zapallo Goianinha"", ""Cucurbita moschata""]",25,4 - 8,0.4,"","",200 x 200,R1 Todo ano,R3 Ago - Jan,"","",""
Abóbora ,BRS BRASILEIRINHA,9,"","[""Squash Brasileirinha"", ""Zapallito Brasileirinha"", ""Cucurbita maxima""]",15,4 - 8,0.7,"","",300 x 100,R1 Todo ano,R3 Ago - Fev,"","",""
Abóbora,BUTTERNUT,12,"","[""Squash Walthan Butternut"", ""Zapallito Butternut (Coreanito)"", ""Cucurbita moschata""]",10,4 - 8,0.75,"","",200 x 200,R1 Todo ano,R3 Ago - Jan,"","",""
Abóbora,ITAPUÃ 301 JACAREZINHO,23,"","[""Squash Itapuã 301"", ""Zapallito Itapuã 301"", ""Cucurbita moschata""]",7,4 - 8,0.6,"","",300 x 300,R1 Todo ano,R3 Ago - Dez,"","",""
Abóbora ,NOVA CARAVELA,25,"","[""Squash New Caravela"", ""Zapallo Nueva Caravela"", ""Cucurbita moschata""]",11,4 - 8,0.4,"","",300 x 300,R1 Todo ano,R3 Ago - Nov,"","",""
Abóbora,MINI PAULISTA,36,"","[""Pumpkin Mini Paulista"", ""Zapallo Mini Paulista"", ""Cucurbita moschata""]",16,4 - 8,0.25,"","",200 x 200,R1 Todo ano,R3 Ago - Fev,"","",""
Abóbora,ATLANTIC GIGANTE,911,"","[""Pumpkin Atlantic Giant"", ""Zapallo Atlantic Gigante"", ""Curcubita maxima""]",3,4 - 8,0.25,"","",500 x 500,R1 Todo ano,R3 Ago - Dez,"","",""
Abóbora ,JERIMUM DE LEITE (SERGIPANA),913,"","[""Pumpkin Jerimum"", ""Zapallo de Leche"", ""Cucurbita moschata""]",7,4 - 8,0.7,"","",300 x 300,R1 Todo ano,R3 Ago - Dez,"","",""
Mogango,ENRUGADO VERDE SUL MIN.,10,"","[""Squash Hubbard Green"", ""Zapallo Hubbard Verde"", ""Cucurbita pepo""]",7,4 - 8,0.6,"","",300 x 300,R1 Todo ano,R3 Ago - Jan,"","",""
Moranga,DE MESA (EXPOSIÇÃO) ,13,"","[""Pumpkim Table Flat"", ""Zapallo de Mesa"", ""Cucurbita maxima""]",5,4 - 8,0.4,"","",400 x 400,R1 Todo ano,R3 Ago - Dez,"","",""
Moranga ,COROA,14,"","[""Pumpkim Grey Flat"", ""Zapallo Coroa"", ""Cucurbita maxima""]",5,4 - 8,0.4,"","",400 x 400,R1 Todo ano,R3 Ago - Dez,"","",""
Moranga ,PATACA GIGANTE,19,"","[""Squash Pataca Giant"", ""Zapallo Grande Grueso"", ""Cucurbita maxima""]",5,4 - 8,0.4,"","",400 x 400,R1 Todo ano,R3 Ago - Dez,"","",""
Acelga,LOURA,17,"","[""wiss Chard Butter Yellow"", ""celga Loura"", ""eta vulgaris var. cicla""]",62,4 - 8,5.0,"","",60 x 20,R1 Mar - Jun,R3 Todo ano,"","",""
Acelga ,VERDE-ESCURA,18,"","[""Swiss Chard Large White Ribbed"", ""Acelga Criolla"", ""Beta vulgaris var. cicla""]",62,4 - 8,2.5,"","",60 x 20,R1 Mar - Jun,R3 Todo ano,"","",""
Agrião,DA ÁGUA FOLHA LARGA,20,"","[""Cress Water Large Leaved"", ""Berro de Água Hoja Larga"", ""Nasturtium officinale""]",5300,4 - 14,0.1,"","",20 x 20,R1 Abr - Jul,R3 Todo ano,"","",""
Agrião,DA TERRA (PARA LAVOURA),21,"","[""Cress Upland"", ""Berro Liso"", ""Barbarea verna""]",838,4 - 7,0.3,"","",30 x 20,R1 Abr - Ago,R3 Todo ano,"","",""
Agrião ,DA ÁGUA GIGANTE CALIXTO,920,"","[""Cress Water Giant Calixto"", ""Berro de Água Gigante Calixto"", ""Nasturtium officinales""]",5300,4 - 10,0.15,"","",20 x 20,R1 Abr - Jun,R3 Todo ano,"","",""
Aipo/Salsão, PASCAL TRONCHUDO,24,"","[""Celery Giant White Pascal"", ""Aipo Gigante Pascal"", ""Apium graveolens""]",2500,10 - 21,0.4,"","",30 x 30,R1 Abr - Ago,R3 Fev - Jul,"","",""
Alcachofra,ROXA DA ROMANHA,42,"","[""Artichoke Purple of Romagna"", ""Alcarchofa Roha de Romanha"", ""Cynara scolymus""]",20,7 - 21,1.25,"","",100 x 80,R1 -,R3 Fev - Mai,"","",""
Alface ,AMERICANA DELÍCIA,47,"","[""Lettuce Delicious"", ""Lechuga Delicia"", ""Lactuca sativa""]",900,4 - 7,3.75,"","",30 x 30,R1 Todo ano,R3 Todo ano,"","",""
Alface,GRANDE LAGOS AMERICANA,43,"","[""Lettuce Great Lakes"", ""Lechuga Grandes Lagos"", ""Lactuca sativa""]",900,4 - 7,0.375,"","",30 x 30,R1 Abr - Jul,R3 Mar - Jul,"","",""
Alface,BRAVA,22,"","[""Lettuce Brava"", ""Lechuga Brava"", ""Lactuca sativa""]",900,4 - 7,0.375,"","",30 x 30,R1 Todo ano,R3 Todo ano,"","",""
Alface,MIMOSA PRADO,924,"","[""Lettuce Mimosa Prado"", ""Lechuga Mimosa Prado"", ""Lactuca sativa""]",900,4 - 7,0.5,"","",30 x 30,R1 Todo ano,R3 Todo ano,"","",""
Alface,ITAPUÃ SUPER,28,"","[""Lettuce Itapuã Super"", ""Lechuga Itapua Super"", ""Lactuca sativa""]",900,4 - 7,0.375,"","",30 x 30,R1 Todo ano,R3 Todo ano,"","",""
Alface,CRESPA PALMAS,923,"","[""Lettuce Crespa Palmas"", ""Lechuga Crespa Palmas"", ""Lactuca sativa""]",900,4 - 7,0.5,"","",30 x 30,R1 Todo ano,R3 Todo ano,"","",""
Alface ,MIMOSA RUBI,48,"","[""Lettuce Mimosa Ruby"", ""Lechuga Mimosa Rubi"", ""Lactuca sativa""]",900,4 - 7,0.375,"","",30 x 30,R1 Abr - Jul,R3 Fev - Set,"","",""
Alface ,PIPA,921,"","[""Lettuce Pipa "", ""Lechuga Pipa"", ""Lactuca sativa""]",900,4 - 7,0.375,"","",30 x 30,R1 Todo ano,R3 Todo ano,"","",""
Alface ,HANSON CRESPA REPOLHUDA,29,"","[""Lettuce Hanson"", ""Lechuga Hanson"", ""Lactuca sativa""]",900,4 - 7,0.375,"","",30 x 30,R1 Todo ano,R3 Todo ano,"","",""
Alface,QUATRO ESTAÇÕES,33,"","[""Lattuce Marvel Four Seasons"", ""Lechuga Cuatro Estaciones"", ""Lactuca sativa""]",900,4 - 7,0.375,"","",30 x 30,R1 Todo ano,R3 Todo ano,"","",""
Alface,REPOLHUDA CARMINIA,927,"","[""Lettuce Repolhuda Carminia"", ""Lechuga Repolhuda Carminia"", ""Lactuca sativa""]",900,4 - 7,0.5,"","",30 x 30,R1 Todo ano,R3 Todo ano,"","",""
Alface,CRESPA GRAND RAPIDS,37,"","[""Lettuce Grand Rapids TBR"", ""Lechuga Grand Rapids TBR"", ""Lactuca sativa""]",900,4 - 7,0.375,"","",30 x 30,R1 Todo ano,R3 Todo ano,"","",""
Alface,SIMPSON (SEMENTE PRETA,38,"","[""Lettuce Simpson Black Seeded"", ""Lechuga Simpson"", ""Lactuca sativa""]",900,4 - 7,0.375,"","",30 x 30,R1 Todo ano,R3 Todo ano,"","",""
Alface,VITÓRIA,39,"","[""Lettuce Vitoria Summer"", ""Lechuga Victoria de Verano"", ""Lactuca sativa""]",900,4 - 7,0.375,"","",30 x 30,R1 Fev - Out,R3 Out - Mar,"","",""
Alface,MIMOSA (SALAD BOWL),40,"","[""Lettuce Salad Bowl"", ""Lechuga Salad Bowl"", ""Lactuca sativa""]",900,4 - 7,0.375,"","",30 x 30,R1 Abr - Jul,R3 Fev - Set,"","",""
Alface,MIMOSA VERMELHA,41,"","[""Lettuce Red Salad Bowl"", ""Lechuga Roja Salad Bowl"", ""Lactuca sativa""]",900,4 - 7,0.375,"","",30 x 30,R1 Abr - Jul,R3 Fev - Set,"","",""
Alface,CERBIATTA (CATALONHA),32,"","[""Lettuce Cerbiatta"", ""Lechuga Cerbiatta"", ""Lactuca sativa""]",900,4 - 7,0.375,"","",30 x 30,R1 Todo ano,R3 Todo ano,"","",""
Alface,GAMBOA,922,"","[""Lettuce Gamboa"", ""Lechuga Gamboa"", ""Lactuca sativa""]",900,4 - 7,0.375,"","",30 x 30,R1 Todo ano,R3 Todo ano,"","",""
Alface ,RAINHA DE MAIO (MANTEIGA),34,"","[""Lettuce May Queen"", ""Lechuga Reina de Mayo"", ""Lactuca sativa""]",900,4 - 7,0.375,"","",30 x 30,R1 Abr - Jul,R3 Fev - Set,"","",""
Alface,REGINA DE VERÃO,35,"","[""Lettuce Regina Summer"", ""Lechuga Regina de Verano"", ""Lactuca sativa""]",900,4 - 7,0.375,"","",30 x 30,R1 Fev - Out,R3 Out - Mar,"","",""
Alface,BABA DE VERÃO,26,"","[""Lettuce Baba Summer"", ""Lechuga Baba de Verano"", ""Lactuca sativa""]",900,4 - 7,0.375,"","",30 x 30,R1 Fev - Out,R3 Out - Mar,"","",""
Alface ,BOSTON BRANCA (MANTEIGA),27,"","[""Lettuce White Boston"", ""Lechuga Boston Blanca"", ""Lactuca sativa""]",900,4 - 7,0.375,"","",30 x 30,R1 Abr - Jul,R3 Fev - Set,"","",""
Alface ,MARAVILHA DE INVERNO MANTEIGA,31,"","[""Lettuce Winter Marvel"", ""Lechuga Maravilha de Invierno"", ""Lactuca sativa""]",900,4 - 7,0.375,"","",30 x 30,R1 Abr - Jul,R3 Fev - Ago,"","",""
Alface,ROMANA BRANCA DE PARIS,44,"","[""Lettuce White Paris Island Cos"", ""Lechuga Blanca de Paris"", ""Lactuca sativa""]",900,7 - 21,0.375,"","",30 x 30,R1 Abr - Jul,R3 Fev - Ago,"","",""
Alface,BATAVIA CACIMBA,925,"","[""Lettuce Batavia Cacimba"", ""Lechuga Batavia Cacimba"", ""Lactuca sativa""]",900,4 - 7,0.5,"","",30 x 30,R1 Todo ano,R3 Todo ano,"","",""
Alface,BATAVIA JOAQUINA,926,"","[""Lettuce Batavia Joaquina"", ""Lechuga Batavia Joaquina"", ""Lactuca sativa""]",900,4 - 7,0.5,"","",30 x 30,R1 Todo ano,R3 Todo ano,"","",""
Alho-Porro ,DE CARRENTAN,46,"","[""Leek American Flag"", ""Ajo-Puerro Americano"", ""Allium porrum""]",350,6 - 14,0.76,"","",50 x 15,R1 -,R3 Fev - Jul,"","",""
Almeirão,FOLHA LARGA/RADICHE,49,"","[""Chicory "", ""Achicoria"", ""Cichorium intybus""]",700,5 - 14,1.4,"","",20 x 15,R1 Mar - Out,R3 Todo ano,"","",""
Almeirão,CATALONHA,50,"","[""Chicory Catalonha"", ""Achicoria Catalonha"", ""Cichorium intybus""]",700,5 - 14,1.4,"","",20 x 15,R1 Mar - Out,R3 Todo ano,"","",""
Almeirão ,VERDE SPADONA,51,"","[""Chicory Spadona"", ""Achicoria Verde Spadona"", ""Cichorium intybus""]",700,5 -14,1.4,"","",20 x 15,R1 Mar - Out,R3 Todo ano,"","",""
Almeirão,DE CABEÇA PÃO DE AÇÚCAR,53,"","[""Chicory Pain de Sucre"", ""Achicoria de Cabeza Pan de Azucar"", ""Cichorium intybus""]",728,5 - 14,0.68,"","",30 x 20,R1 Abr - Jul,R3 Mar - Out,"","",""
Almeirão,DE CABEÇA VERMELHO,54,"","[""Chicory Early Palla Rossa"", ""Achicoria de Palla Rossa Temprano"", ""Cichorium intybus""]",728,5 - 14,0.68,"","",30 x 20,R1 Abr - Jul,R3 Mar - Out,"","",""
Berinjela Híbrida,CIÇA F1,58,"","[""Eggplant Hybrid Ciça"", ""Berenjena Hibrida Ciça"", ""Solanun melongena""]",200,7 - 14,0.2,"","",100 x 50,R1 Todo ano,R3 Ago - Fev,"","",""
Berinjela,PRETA COMPRIDA / EMBU ,59,"","[""Eggplant Long Purple"", ""Berenjena Negra Larga"", ""Solanum melongena""]",200,7 - 14,0.2,"","",100 x 50,R1 Todo ano,R3 Ago - Fev,"","",""
Berinjela,FLORIDA MARKET,61,"","[""Eggplant Florida Market"", ""Berenjena Florida Market"", ""Solanum melongena""]",200,7 - 14,0.2,"","",100 x 50,R1 Todo ano,R3 Ago - Fev,"","",""
Berinjela,HÍBRIDA NIOBE,60,"","[""Eggplant Florida Market"", ""Berenjena Florida Market"", ""Solanum melongena""]",230,7 - 14,0.175,"","",100 x 50,R1 Todo ano,R3 Ago - Fev,"","",""
Berinjela,HÍBRIDA MORELLA,56,"","[""Eggplant Hybrid Morella"", ""Berenjena Híbrido Ciça"", ""Solanum melongena""]",200,7 - 14,0.75,"","",100 x 50,R1 Todo ano,R3 Ago - Fev,"","",""
Beterraba Híbrida,MERLOT ,930,"","[""Beet Hybrid Merlot"", ""Remolacha Hibrido Merlot"", ""Beta vulgaris""]",70,4 - 14,9.5,"","",30 x 10,R1 Todo ano,R3 Todo ano,"","",""
Beterraba,ITAPUÃ 202,65,"","[""Beet Itapuã 202 Summer"", ""Remolacha Itapuã 202 Verano"", ""Beta vulgaris""]",90,4 - 14,7.5,"","",30 x 10,R1 Todo ano,R3 Set - Mai,"","",""
Beterraba,CHATA DO EGITO ,66,"","[""Beet Crosby Egyptian"", ""Remolacha Chata do Egipto"", ""Beta vulgaris""]",70,4 - 14,9.5,"","",30 x 10,R1 Todo ano,R3 Todo ano,"","",""
Beterraba,MARAVILHA,67,"","[""Beet Early Wonder"", ""Remolacha Early Wonder"", ""Beta vulgaris""]",70,4 - 14,9.5,"","",30 x 10,R1 Todo ano,R3 Todo ano,"","",""
Beterraba,VERMELHA COMPRIDA,68,"","[""Beet Long Red"", ""Remolacha Larga Roja"", ""Beta vulgaris""]",70,4 - 14,9.5,"","",30 x 10,R1 Todo ano,R3 Todo ano,"","",""
Beterraba,EARLY WONDER TALL TOP ,69,"","[""Beet Early Wonder Tall Top "", ""Remolacha Early Wonder Tall Top"", ""Beta vulgaris""]",70,4 - 14,9.5,"","",30 x 10,R1 Todo ano,R3 Todo ano,"","",""
Cebola Híbrida,GRANEX,82,"","[""Onion Hybrid Yellow Granex"", ""Cebolla Hibrida Yellow Granex"", ""Allium cepa""]",300,6 - 12,2.5,"","",25 x 10,R1 Abr - Jul,R3 Mar - Jun,"","",""
Cebola Híbrida,DIAMANTINA,87,"","[""Onion Hybrid Diamantina"", ""Cebolla Hibrida Diamantina"", ""Allium cepa ""]",300,6 - 12,2.5,"","",25 x 10,R1 Jan- Mai,R3 Jan - Mai,"","",""
Cebola Híbrida, IBIAPABA ,989,"","[""Onion Hybrid Ibiapaba"", ""Cebolla Hibrida Ibiapaba"", ""Allium cepa""]",300,6 - 12,2.5,"","",25 x 10,R1 Jan- Mai,R3 -,"","",""
Cebola,BAIA PERIFORME,71,"","[""Onion Baia Periforme"", ""Cebolla Baia Periforme"", ""Allium cepa""]",260,6 - 12,2.5,"","",25 x 10,R1 Abr - Jun,R3 Mar - Jul,"","",""
Cebola,CRIOULA,72,"","[""Onion Crioula"", ""Cebolla Criolla"", ""Allium cepa""]",260,6 - 12,2.5,"","",25 x 10,R1 Abr - Jun,R3 Mar - Jul,"","",""
Cebola,ROXA (RED CREOLE),73,"","[""Onion Red Creole"", ""Cebolla Red Creole"", ""Allium cepa""]",260,6 - 12,2.5,"","",25 x 10,R1 Abr - Mai,R3 Mar - Jun,"","",""
Cebola,PRIMAVERA (CERTIFICADA) ,74,"","[""Onion Primavera"", ""Cebolla Primavera"", ""Allium cepa""]",260,6 - 12,2.5,"","",25 x 10,R1 Abr - Jun,R3 Mar - Jul,"","",""
Cebola,VALE OURO IPA 11 ,75,"","[""Onion Vale Ouro IPA11"", ""Cebolla Vale Ouro IPA11"", ""Allium cepa L.""]",260,6 - 12,2.5,"","",25 x 10,R1 Abr - Jun,R3 Mar - Jul,"","",""
Cebola ,TEXAS GRANO 502 ,78,"","[""Onion Texas Early Grano 502"", ""Cebolla Texas Early Grano 502"", ""Allium cepa""]",260,6 - 12,2.5,"","",25 x 10,R1 Abr - Jun,R3 Mar - Jul,"","",""
Cebola,WHITE CREOLE,79,"","[""Onion White Creole"", ""Cebolla White Creole"", ""Allium cepa""]",260,6 - 12,2.5,"","",30 x 10,R1 Abr - Jul,R3 Mar - Jul,"","",""
Cebola,BOLA PRECOCE (CERTIFICADA) ,81,"","[""Onion Bola Precoce"", ""Cebolla Bola Precoce"", ""Allium cepa""]",260,6 - 12,2.5,"","",30 x 10,R1 Abr - Jul,R3 Mar - Jul,"","",""
Cebola,CONQUISTA,83,"","[""Onion Conquista"", ""Cebolla Conquista"", ""Allium cepa""]",260,6 - 12,2.5,"","",30 x 10,R1 Abr - Jul,R3 Mar - Jul,"","",""
Cebola,BAIA SUPER PRECOCE,84,"","[""Onion Early Baia Periforme"", ""Cebolla Baia Periforme Temprana"", ""Allium cepa""]",260,6 - 12,2.5,"","",30 x 10,R1 Abr - Jul,R3 Mar - Jul,"","",""
Cebolinha,VERDE,85,"","[""nion Evergreen Bunching"", ""ebollino Verde/Cebolla de Verdeo"", ""llium fistulosum""]",442,6 - 12,3.0,"","",40 x 5,R1 Todo ano,R3 Todo ano,"","",""
Cenoura ,SUPREMA ,91,"","[""Zanahoria Suprema"", ""Carrot Suprema Calibrated"", ""Daucus Carota""]",1100,7 - 14,5.0,"","",20 x 5,R1 Todo ano,R3 Out - Mar,"","",""
Cenoura Híbrida,TELLUS,988,"","[""Carrot Hybrid Tellus"", ""Zanahoria Hibrida Tellus"", ""Daucus carota""]",700,7 - 14,5.0,"","",20 x 5,R1 Abr - Set,R3 -,"","",""
Cenoura,BRS PLANALTO,88,"","[""Carrot BRS Planalto"", ""Zanahoria BRS Planalto"", ""Daucus carota""]",555,7 - 14,5.0,"","",20 x 5,R1 Todo ano,R3 Out - Mar,"","",""
Cenoura,BRS ESPLANADA,89,"","[""Carrot Esplanada"", ""Zanahoria Esplanada"", ""Daucus carota""]",722,7 - 14,5.0,"","",20 x 5,R1 Todo ano,R3 Out - Mar,"","",""
Cenoura,BRASÍLIA CALIBRADA MÉDIA,90,"","[""Carrot Brasília Calibrated"", ""Zanahoria Brasília Calibrada Mediana"", ""Daucus carota""]",613,7 - 14,5.0,"","",20 x 5,R1 Todo ano,R3 Out - Mar,"","",""
Cenoura,ALVORADA CALIBRADA MÉDIA,86,"","[""Carrot Alvorada (Summer)"", ""Zanahoria Alvorada (Verano)"", ""Daucus carota""]",613,7 - 14,5.0,"","",20 x 5,R1 Todo ano,R3 Out - Mar,"","",""
Cenoura,DANVERS MEIO COMPRIDA,92,"","[""Carrot Danvers"", ""Zanahoria Danvers"", ""Daucus carota""]",722,7 - 14,5.0,"","",20 x 5,R1 Todo ano,R3 Todo ano,"","",""
Cenoura,NANTES CALIBRADA MÉDIA,94,"","[""Carrot Nantes"", ""Zanahoria Nantes"", ""Daucus carota""]",613,7 - 14,5.0,"","",20 x 5,R1 Todo ano,R3 Todo ano,"","",""
Cenoura,TROPICAL,96,"","[""Carrot Tropical (Summer)"", ""Zanahoria Tropical (Verano)"", ""Daucus carota""]",722,7 - 14,5.0,"","",20 x 5,R1 Todo ano,R3 Nov - Mar,"","",""
Cenoura,KURONAN,97,"","[""Carrot Kuronan Summer"", ""Zanahoria Kuronan de Verano"", ""Daucus carota""]",722,7 - 14,5.0,"","",20 x 5,R1 Todo ano,R3 Out - Mar,"","",""
Chicória,CRESPA,100,"","[""Endive Green Curled Ruffec"", ""Escarola Crespa"", ""Cichorium endivia""]",579,5 - 14,0.4,"","",30 x 30,R1 Abr - Jul,R3 Fev - Set,"","",""
Chicória,ESCAROLA LISA,101,"","[""Endive Broad Batavian Leaf Full Heart"", ""Escarola Lisa"", ""Cichorium endivia""]",579,5 - 14,0.4,"","",30 x 30,R1 Abr - Jul,R3 Fev - Nov,"","",""
Coentro,VERDÃO SUPER,102,"","[""Coriander Verdão"", ""Cilantro Verdão"", ""Coriandrum sativum""]",86,7 - 21,16.0,"","",20 x 10,R1 Todo ano,R3 Set - Mar,"","",""
Coentro,PORTUGUÊS SUPER,103,"","[""Coriander Portuguese Super"", ""Cilantro Portugues Super"", ""Coriandrum sativum""]",86,7 - 21,16.0,"","",20 x 10,R1 Abr - Jul,R3 Todo ano,"","",""
Coentro,VERDÃO,104,"","[""Coriander Verdão"", ""Cilantro Verdão"", ""Coriandrum sativum""]",86,7 - 21,16.0,"","",20 x 10,R1 Todo ano,R3 Set - Ma,"","",""
Coentro,PORTUGUÊS,106,"","[""Coriander Portuguese"", ""Ciliantro Portugues"", ""Coriandrum sativum""]",86,7 - 21,16.0,"","",20 x 10,R1 Abr - Jul,R3 Todo ano,"","",""
Couve,DE BRUXELAS,110,"","[""Brussels Sprouts"", ""Col de Bruselas"", ""Brassica oleracea var. gemmifera""]",262,5 - 10,0.4,"","",80 x 40,R1 -,R3 Jan - Ago,"","",""
Couve,MANTEIGA DA GEORGIA,121,"","[""Collards Georgia Southern"", ""Repollo Sin Cabeza Manteca da Georgia"", ""Brassica oleracea var. acephala""]",238,5 - 10,0.25,"","",100 x 50,R1 Todo ano,R3 Todo ano,"","",""
Couve,TRONCHUDA PORTUGUESA,126,"","[""Collards Tronchuda"", ""Col Tronchuda"", ""Brassica oleracea var. acephala""]",275,5 - 10,0.3,"","",100 x 50,R1 Abr - Jun,R3 Fev - Nov,"","",""
Couve-Brócoli Híbrido,GREEN STORM ,107,"","[""Brocoli Hybrid Green Storm"", ""Brocoli Hibrido Green Storm"", ""Brassica oleracea var. italica""]",200,5 - 10,0.35,"","",80 x 40,R1 Todo ano,R3 Ago - Fev,"","",""
Couve-brócoli Híbrida,STRONG,119,"","[""Couve-brócoli Hybrid Strong"", ""Couve-brócoli Hibrido Strong"", ""Brassica oleracea var. italica""]",258,5 - 10,0.25,"","",40 x 80,R1 Nov - Fev,R3 Dez - Jan,"","",""
Couve-Brócoli,PIRACICABA PRECOCE ,108,"","[""Brocoli Early Piracicaba"", ""Brocoli Piracicaba Temprano"", ""Brassica oleracea var. italica""]",300,5 - 10,0.35,"","",80 x 40,R1 Mai - Ago,R3 Todo ano,"","",""
Couve-Brócoli,RAMOSO SANTANA,109,"","[""Brocoli Ramoso Santana"", ""Brocoli Ramoso Santana"", ""Brassica oleracea var. italica""]",250,5 - 10,0.375,"","",80 x 40,R1 Mar - Jun,R3 Fev - Jul,"","",""
Couve-Brócoli,ROMANESCO,124,"","[""Brocoli Romanesco"", ""Brocoli Romanesco"", ""Brassica oleracea var. italica""]",360,5 - 10,0.2,"","",100 x 50,R1 Mai - Jun,R3 Fev - Jun,"","",""
Couve Chinesa Híbrida,65 DIAS ,113,"","[""Chinese Cabbage Hybrid"", ""Col China Híbrida"", ""Brassica pekinensis""]",300,5 - 7,0.35,"","",80 x 40,R1 Maio,R3 Abr - Set,"","",""
Couve Chinesa,PE-TSAI,112,"","[""Chinese Cabbage Pe-Tsai"", ""Col China Pe-Tsai"", ""Brassica pekinensis""]",450,5 - 7,0.35,"","",50 x 40,R1 Abr - Jun,R3 Mar - Out,"","",""
Couve-Flor,BOLA DE NEVE (INVERNO) ,115,"","[""Cauliflower Snowball Early"", ""Coliflor Bola de Nieve"", ""Brassica oleracea var. botrytis""]",300,5 - 10,0.2,"","",100 x 50,R1 -,R3 Fev - Ago,"","",""
Couve-Flor,PIRACICABA PRECOCE (VERÃO) ,116,"","[""Cauliflower Early Piracicaba"", ""Coliflor Piracicaba de Verano"", ""Brassica oleracea var. botrytis""]",330,5 - 10,0.2,"","",100 x 50,R1 Out - Fev,R3 Out - Jan,"","",""
Couve-Flor,TERESÓPOLIS (INVERNO),117,"","[""Cauliflower Teresópolis"", ""Coliflor Teresópolis"", ""Brassica oleracea var. botrytis""]",300,5 - 10,0.2,"","",100 x 50,R1 Mar - Jun,R3 Fev - Ago,"","",""
Couve-Flor,ROXA ,127,"","[""Couliflower Violet"", ""Coliflor Violeta"", ""Brassica oleracea var. botrytis""]",300,5 - 10,0.2,"","",100 x 50,R1 Mar - Jun,R3 Fev - Jul,"","",""
Couve-Rabano,BRANCA ,128,"","[""Kohlrabi Early White Vienne"", ""Col Rabano Viena Blanca"", ""Brassica oleracea var. gongylodes""]",325,5 - 10,1.2,"","",40 x 20,R1 Abr - Jul,R3 Todo ano,"","",""
Couve-Rabano ,ROXA ,129,"","[""Kohlrabi Early Purple Vienne"", ""Col Rabano Viena Púrpura"", ""Brassica oleracea var. gongylodes""]",280,5 - 10,1.5,"","",40 x 20,R1 Abr - Jul,R3 Todo ano,"","",""
Ervilha,TORTA DE FLOR ROXA ,135,"","[""Edible Podded Pea Flat Purple Flowered"", ""Arveja Chata Flor Púrpura"", ""Pisum sativum""]",5,5 - 8,15.0,"","",80 x 60,R1 Mai - Jul,R3 Mar - Set,"","",""
Ervilha ,ITAPUÃ 600 (PARA DEBULHAR) ,136,"","[""Peas Onward"", ""Arveja Onward"", ""Pisum sativum""]",5,5 - 8,25.0,"","",80 x 30,R1 Mai - Jul,R3 Mar - Set,"","",""
Ervilha,TELEFONE ALTA (ALDERMAN) ,137,"","[""Peas Alderman (Tall Telephone)"", ""Arveja Alderman"", ""Pisum sativum""]",5,5 - 8,15.0,"","",80 x 60,R1 Mai - Jul,R3 Mar - Set,"","",""
Ervilha ,ITAPUÃ 601 (PARA DEBULHAR) ,138,"","[""Peas Falchetto"", ""Arveja Falchetto"", ""Pisum sativum""]",5,5 - 8,25.0,"","",80 x 30,R1 Mai - Jul,R3 Mar - Set,"","",""
Espinafre,NOVA ZELÂNDIA,140,"","[""Spinach New Zeland"", ""Espinaca Nueva Zelandia"", ""Tetragonia tetragonoides""]",15,7 - 35,10.0,"","",50 x 40,R1 Fev - Nov,R3 todo ano,"","",""
Espinafre,DE VIROFLAY ,141,"","[""Spinach Viroflay"", ""Espinaca Viroflay"", ""Spinacia oleracea""]",80,7 - 21,1.6,"","",50 x 30,R1 Fev - Nov,R3 todo ano,"","",""
Fava, DE SEVILHA,145,"","[""Broad Beans Sevilha"", ""Haba de Sevilia"", ""Vicia faba""]",1,4 - 14,68.0,"","",60 x 30,R1 -,R3 Fev - Mai,"","",""
Feijão-Vagem,MACARRÃO BAIXO ,152,"","[""Beans Macarrão Dwarf"", ""Poroto Macarrão Enano"", ""Phaseolus vulgaris""]",3,5 - 9,28.0,"","",80 x 30,R1 Fev - Nov,R3 Ago - Fev,"","",""
Feijão-Vagem,MACARRÃO TREPADOR (FAVORIT.),153,"","[""Beans Macarrão Runner"", ""Poroto Macarrão Trepador"", ""Phaseolus vulgaris""]",4,5 - 9,15.0,"","",80 x 40,R1 Fev - Nov,R3 Ago - Fev,"","",""
Feijão-Vagem ,MANTEIGA BAIXO,154,"","[""Beans Cherokee Wax"", ""Poroto Manteca Enano"", ""Phaseolus vulgaris""]",3,5 - 9,28.0,"","",80 x 30,R1 Fev - Nov,R3 Ago - Fev,"","",""
Jiló,GIGANTE JAÍBA ,155,"","[""Indian Eggplant Big Jaíba"", ""Jiló Gigante Jaíba"", ""Solanum gilo""]",197,6 - 14,85.0,"","",120 x 100,R1 Mar - Out,R3 Ago - Jan,"","",""
Jiló,TINGUÁ VERDE-CLARO ,160,"","[""Indian Eggplant Light Green"", ""Solanum gilo"", ""Jiló ""]",400,6 - 14,0.6,"","",120 x 100,R1 Mar - Out,R3 Ago - Jan,"","",""
"",MORRO GRANDE VERDE-ESCURO,161,"","[""Indian Eggplant Dark Green Morro Grande"", ""Jiló Morro Grande Verde-Escuro"", ""Solanum gilo""]",400,6 - 14,0.6,"","",120 x 100,R1 Mar - Out,R3 Ago - Jan,"","",""
Mamão ,FORMOSA ,158,"","[""Papaya Fruit Formosa (Pawpaw)"", ""Papaya Formosa"", ""Carica papaya""]",60,7 - 30,0.13,"","",300 x 300,R1 Fev - Nov,R3 Ago - Mai,"","",""
Mamão/Papaya,GOLDEN,156,"","[""Papaya Fruit Golden (Pawpaw)"", ""Papaya Golden"", ""Carica papaya""]",60,7 - 30,0.13,"","",300 x 200,R1 Fev - Nov,R3 Ago - Mai,"","",""
Mamão/Papaya ,HAWAII ,157,"","[""Papaya Fruit Hawaii (Pawpaw)"", ""Papaya Hawaii"", ""arica papaya""]",60,7 - 30,0.13,"","",300 x 200,R1 Fev - Nov,R3 Ago - Mai,"","",""
Maracujá ,REDONDO AMARELO ,159,"","[""Passion-Fruit Round Yellow"", ""Maracuya Redondo Amarillo"", ""Passiflora edulis""]",45,7 - 28,0.1,"","",250 x 400,R1 Mar - Dez,R3 Set - Abr,"","",""
Maxixe,LISO JAIBA,162,"","[""Maxixe smooth Jaiba"", ""Maxixe Suavizar Jaiba"", ""Cucumis anguri""]",125,4 - 8,0.8,"","",300 x 100,R1 Mar - Out,R3 Ago - Fev,"","",""
"",MAXIXE,163,"","[""Cucumber West Indian Gherk"", ""Pepino West Indian Gherk"", ""Cucumis anguria""]",125,4 - 8,0.8,"","",300 x 100,R1 Mar - Out,R3 Ago - Fev,"","",""
Melancia Híbrida,CONQUISTA,165,"","[""Watermelon Hybrid Conquista"", ""Sandia Hibrido Conquista"", ""Citrullus lanatus""]",24,5 - 14,0.2,"","",200 x 200,R1 Mar - Out,R3 Ago - Dez,"","",""
Melancia,CRIMSON SUPER ,172,"","[""Watermelon Crimson Sweet Super"", ""Sandia Crimson Sweet Super"", ""Citrullus lanatus""]",24,5 -14,0.3,"","",200 x 200,R1 Mar - Out,R3 Ago - Dez,"","",""
Melancia Híbrida,RED TOWER ,174,"","[""Watermelon Hybrid Red Tower"", ""Sandia Hibrida Red Tower"", ""Citrullus lanatus""]",24,5 - 14,0.2,"","",200 x 200,R1 Mar - Out,R3 Ago - Jan,"","",""
Melancia Híbrida,COMBAT,175,"","[""Watermelon Hybrid Combat"", ""Sandia Hibrido Combat"", ""Citrullus lanatus""]",24,5 - 14,0.2,"","",200 x 200,R1 Mar - Out,R3 Ago - Dez,"","",""
Melancia Híbrida,SUPERA,176,"","[""Watermelon Hybrid Supera"", ""Sandia Hibrido Supera"", ""Citrullus lanatus""]",24,5 - 14,0.2,"","",200 x 200,R1 Mar - Out,R3 Ago - Dez,"","",""
Melancia Híbrida,RED QUALITY,177,"","[""Watermelon Hybrid Red Quality"", ""Sandia Hibrido Red Quality"", ""Citrullus lanatus""]",24,5 - 14,0.2,"","",200 x 200,R1 Mar - Out,R3 Ago - Dez,"","",""
Melancia Híbrida,HONEY BALL SEM SEMENTES ,166,"","[""Watermelon Hybrid Honey Ball Seedless"", ""Sandia Hibrido Honey Ball Sin Semillas"", ""Citrullus lanatus""]",14,5 - 14,0.35,"","",200 x 200,R1 Mar - Out,R3 Ago - Fev,"","",""
Melancia Híbrida,EMPEROR CHARLESTON,164,"","[""Watermelon Hybrid Emperor Charleston"", ""Sandia Hibrida Emperor Charleston"", ""Citrullus lanatus""]",22,5 - 14,0.25,"","",200 x 200,R1 Mar - Out,R3 Ago - Fev,"","",""
Melancia ,CHARLESTON SUPER,171,"","[""Watermelon Charleston Gray Super"", ""Sandia Charleston Gray Super"", ""Citrullus lanatus""]",11,5 - 14,0.45,"","",200 x 200,R1 Mar - Out,R3 Ago - Dez,"","",""
Melancia ,CHARLESTON GRAY,167,"","[""Watermelon Charleston Gray"", ""Sandia Charleston Gray"", ""Citrullus lanatus""]",11,5 - 14,0.7,"","",200 x 200,R1 Mar - Out,R3 Ago - Dez,"","",""
Melancia ,CONGO,168,"","[""Watermelon Congo"", ""Sandia Congo"", ""Citrullus lanatus""]",11,5 - 14,0.7,"","",200 x 200,R1 Mar - Out,R3 Ago - Dez,"","",""
Melancia ,CRIMSON SWEET,169,"","[""Watermelon Crimson Sweet"", ""Sandia Crimson Sweet"", ""Citrullus lanatus""]",24,5 - 14,0.35,"","",200 x 200,R1 Mar - Out,R3 Ago - Dez,"","",""
Melancia,FAIRFAX,170,"","[""Watermelon Fairfax"", ""Sandia Fairfax"", ""Citrullus lanatus""]",11,5 - 14,0.7,"","",200 x 200,R1 Mar - Out,R3 Ago - Jan,"","",""
Melancia ,OMARU YAMATO,173,"","[""Watermelon Omaru Yamato"", ""Sandia Omaru Yamato"", ""Citrullus lanatus""]",24,5 - 14,0.35,"","",200 x 200,R1 Mar - Out,R3 Ago - Jan,"","",""
Melão Híbrido,CANARIAN,178,"","[""Melon Hybrid Canarian"", ""Melon Hibrido Canarian"", ""Cucumis melo""]",32,4 - 8,0.3,"","",150 x 150,R1 Mar - Out,R3 Ago - Jan,"","",""
Melão Híbrido,FAVO AMARELO,179,"","[""Melon Hybrid Favo"", ""Melon Hibrido Favo"", ""Cucumis melo""]",30,4 - 8,0.3,"","",150 x 150,R1 Mar - Out,R3 Ago - Jan,"","",""
Melão Híbrido,LOURO AMARELO,183,"","[""Melon Hybrid Louro"", ""Melon Hibrido Louro"", ""Cucumis melo""]",30,4 - 8,0.35,"","",150 x 150,R1 Mar - Out,R3 Ago - Jan,"","",""
Melão Híbrido,PINGO DE MEL,940,"","[""Melon Hybrid Pingo de Mel"", ""Melon Hibrido Pingo de Mel"", ""Cucumis melo""]",30,4 - 8,0.3,"","",150 x 150,R1 Mar - Out,R3 Ago - Jan,"","",""
Melão Híbrido,ROCK CANTALOUPE,938,"","[""Melon Hybrid Rock Cantaloupe"", ""Melon Hibrido Rock Cantaloupe"", ""Cucumis melo""]",30,4 - 8,0.3,"","",150 x 150,R1 Mar - Out,R3 Ago - Jan,"","",""
Melão ,IMPERIAL 45,180,"","[""Melon Imperial 45"", ""Melon Imperial 45"", ""Cucumis melo""]",50,4 - 8,0.2,"","",150 x 150,R1 Mar - Out,R3 Ago - Jan,"","",""
Melão ,GAÚCHO (CAIPIRA),181,"","[""Melon Gaucho"", ""Melon Gaucho"", ""Cucumis melo""]",30,4 - 8,0.45,"","",150 x 150,R1 Mar - Out,R3 Ago - Jan,"","",""
Melão,GAÚCHO REDONDO,182,"","[""Melon Round Gaucho"", ""Melon Gaucho Redondo"", ""Cucumis melo""]",30,4 - 8,0.45,"","",150 x 150,R1 Mar - Out,R3 Ago - Jan,"","",""
Melão ,ELDORADO 300,184,"","[""Melon Eldorado (Spanish)"", ""Melon Eldorado (Español)"", ""Cucumis melo""]",40,4 - 8,0.35,"","",150 x 150,R1 Mar - Out,R3 Ago - Jan,"","",""
Milho-Verde Híbrido,ITAPUÃ 700,509,"","[""Green-Corn Hybrid Itapuã 700"", ""Maiz-verde Hibrido Itapuã 700"", ""Zea mays""]",3,4 - 7,25.0,"","",100 x 28,R1 Out - Abr,R3 Set - Dez,"","",""
Milho-Pipoca Híbrido,ITAPUÃ 900,510,"","[""Popcorn Hybrid Itapuã 900"", ""Maiz-Pisingallo Hibrido Itapuã 900"", ""Zea mays""]",8,4 - 7,18.0,"","",80 x 25,R1 Out - Abr,R3 Set - Dez,"","",""
Milho-Doce ,SUPER DOCE (TIPO HAVAÍ),506,"","[""Sweet-Corn Super Sweet"", ""Maiz-Dulce Super Dulce"", ""Zea mays L.""]",7,4 - 7,20.0,"","",100 x 25,R1 Set - Abr,R3 Ago - Jan,"","",""
Milho-Pipoca,AMERICANO ,508,"","[""Popcorn American"", ""Maiz-Pisingallo"", ""Zea mays L.""]",8,4 - 7,15.0,"","",100 x 25,R1 Set - Abr,R3 Ago - Jan,"","",""
Morango,ORNAMENTAL SILVESTRE,185,"","[""Strawberry Wild"", ""Fresa Ornamental Silvestre"", ""Fragaria vesca semperflorens""]",2900,7 - 28,0.3,"","",20 x 20,R1 Todo ano,R3 Set - Mar,"","",""
Morango ,SENSAÇÃO,188,"","[""Strawberry Sensação"", ""Fresa Sensação"", ""Fragaria vesca""]",2000,7 - 14,0.3,"","",20 x 20,R1 Todo ano,R3 Set - Mar,"","",""
Mostarda,LISA,186,"","[""Mustard Florida Broad Leaf"", ""Mostanza Florida Lisa"", ""Brassica juncea""]",600,5 - 7,0.5,"","",40 x 30,R1 Abr - Ago,R3 Fev - Nov,"","",""
Mostarda,CRESPA,187,"","[""Mustard Southern Giant Curled"", ""Mostanza Crespa"", ""Brassica juncea""]",600,5 - 7,0.5,"","",40 x 30,R1 Abr - Ago,R3 Fev - Nov,"","",""
Nabo Híbrido ,REDONDO GOTA BRANCA,190,"","[""Turnip White Globe Hybrid"", ""Nabo Redondo Blanco Híbrido"", ""Brassica rapa""]",500,4 - 10,2.0,"","",30 x 10,R1 Mai - Jul,R3 Fev - Nov,"","",""
Nabo Híbrido,MINOWASE CHO-UM KOBAYASHI,194,"","[""Radish Minowase Hybrid"", ""Rabano Minowase Hibrido"", ""Raphanus sativus var. acanthioformis""]",60,4 - 10,3.3,"","",50 x 20,R1 Mai - Jul,R3 Fev - Nov,"","",""
Nabo ,JAPONÊS MINOWASE (RABANO) ,192,"","[""Radish Minowase"", ""Nabo Japonês Minowase"", ""Raphanus sativus var. acanthioformis""]",70,4 - 10,11.0,"","",30 x 10,R1 Mai - Jul,R3 Fev - Nov,"","",""
Nabo Redondo,BRANCO COLO ROSADO,193,"","[""Turnip Early Purple Top White Globe"", ""Nabo Redondo Blanco Cumbre Purpura"", ""Brassica rapa""]",510,5 - 7,1.5,"","",30 x 10,R1 Mai - Jul,R3 Fev - Nov,"","",""
Pepino Híbrido,GREEN PICK ,198,"","[""Cucumber Hybrid Green Pick"", ""Pepino Hibrido Green Pick"", ""Cucumis sativus""]",37,4 - 8,0.3,"","",200 x 100,R1 Mar - Out,R3 Ago - Fev,"","",""
Pepino Híbrido ,PIONEIRO PARA CONSERVA,200,"","[""Cucumber Pioneer Hybrid"", ""Pepino Hibrido Pionero"", ""Cucumis sativus""]",35,4 - 8,0.6,"","",200 x 100,R1 Mar - Out,R3 Ago - Fev,"","",""
Pepino Híbrido,SALADA SAGRO SAIS ,202,"","[""Cucumber Hibrid Sagro"", ""Pepino Hibrido Sagro"", ""Cucumis sativus""]",45,4 - 8,0.6,"","",200 x 100,R1 Mar - Out,R3 Ago - Fev,"","",""
Pepino Híbrido,NAGAI JAPONÊS ,944,"","[""Cucumber Hybrid Nagai Japanese"", ""Pepino Híbrido Nagai Japonés"", ""Cucumis sativus""]",35,4 - 8,1.2,"","",120 x 50,R1 Todo ano,R3 Ago - Fev,"","",""
Pepino Híbrido,MAESTRO,945,"","[""Cucumber Hybrid Maestro "", ""Pepino Hibrido Maestro"", ""Cucumis sativus""]",35,4 - 8,0.6,"","",200 x 100,R1 Todo ano ,R3 Ago - Fev,"","",""
Pepino Híbrido,TARGA,946,"","[""Cucumber Hybrid Targa "", ""Pepino Hibrido Targa "", ""Cucumis sativus""]",38,4 - 8,0.25,"","",200 x 100,R1 Todo ano ,R3 Ago - Fev,"","",""
Pepino,AODAI MELHORADO,195,"","[""Cucumber Aodai"", ""Pepino Aodai"", ""Cucumis sativus""]",45,4 - 8,0.6,"","",200 x 100,R1 Mar - Out,R3 Ago - Fev,"","",""
Pepino,BRANCO MEIO-COMPRIDO ,196,"","[""Cucumber White Wonder"", ""Pepino Blanco"", ""Cucumis sativus""]",45,4 - 8,0.6,"","",200 x 100,R1 Mar - Out,R3 Ago - Fev,"","",""
Pepino,VERDE COMPRIDO,197,"","[""Cucumber Straight Eight"", ""Pepino Verde Largo"", ""Cucumis sativus""]",45,4 - 8,0.6,"","",200 x 100,R1 Mar - Out,R3 Ago - Fev,"","",""
Pepino,CONSERVA WISCOSIN SMR 18 ,199,"","[""Cucumber Wisconsin SMR 18"", ""Pepino Wisconsin SMR 18"", ""Cucumis sativus""]",45,4 - 8,0.6,"","",200 x 100,R1 Mar - Out,R3 Ago - Fev,"","",""
Pepino,CAIPIRA,201,"","[""Cucumber Caipira"", ""Pepino Caipira"", ""Cucumis sativus""]",45,4 - 8,0.6,"","",200 x 100,R1 Mar - Out,R3 Ago - Fev,"","",""
Pimenta Híbrida,GRISÚ DEDO DE MOÇA,221,"","[""Hot pepper Grisu F1"", ""Pimiento Grisu F1"", ""Capsicum frutescens""]",120,7 - 14,0.45,"","",80 x 50,R1 Mar - Out,R3 Ago - Jan,"","",""
Pimenta Híbrida,IBATÉ ALONGADA DOCE,951,"","[""Pepper Hybrid Ibaté Alongated Sweet"", ""Pimiento Híbrido Ibaté Alargado Dulce"", ""Capsicum annuum""]",130,7 - 14,0.2,"","",120 x 60,R1 Mar - Out,R3 Ago - Dez,"","",""
Pimenta Híbrida,IBIRAJA JALAPENHO,965,"","[""Hot Pepper Hybrid Ibiraja Jalapenho"", ""Pimiento Hibrido Ibiraja Jalapenho"", ""Capsicum annuum""]",100,7 - 14,0.3,"","",120 x 60,R1 Mar - Out,R3 Ago - Dez,"","",""
Pimenta Híbrida,JUPIRA JALAPENHO,966,"","[""Hot Pepper Hybrid Jupira Jalapenho"", ""Pimiento Hibrido Jupira Jalapenho"", ""Capsicum annuum""]",115,7 - 14,0.25,"","",120 x 60,R1 Mar - Out,R3 Ago - Dez,"","",""
Pimenta Híbrida,GUARACIABA JALAPENHO,967,"","[""Hot Pepper Hybrid Guaraciaba Jalapenho"", ""Pimiento Hibrido Guaraciaba Jalapenho"", ""Capsicum annuum""]",150,7 - 14,0.2,"","",120 x 60,R1 Mar - Out,R3 Ago - Dez,"","",""
Pimenta Híbrida,HOT CHOCOLATE,984,"","[""Hot Pepper Hybrid Hot Chocolate"", ""Pimiento Hibrido Hot Chocolate"", ""Capsicum annuum""]",100,7 - 14,0.3,"","",120 x 60,R1 Mar - Out,R3 Ago - Dez,"","",""
Pimenta Híbrida,HOT SUPREMA,985,"","[""Hot Pepper Hybrid Hot Suprema"", ""Pimiento Hibrido Hot Suprema"", ""Capsicum annuum""]",150,7 - 14,0.2,"","",120 x 60,R1 Mar - Out,R3 Ago - Dez,"","",""
Pimenta Híbrida,IBIUNA,986,"","[""Hot Pepper Hybrid Ibiuna"", ""Pimiento Hibrido Ibiuna"", ""Capsicum annuum""]",165,7 - 14,0.2,"","",120 x 60,R1 Mar - Out,R3 Ago - Dez,"","",""
Pimenta Híbrida,CAPPERINO,981,"","[""Hot Pepper Hybrid Capperino"", ""Pimiento Hibrido Capperino"", ""Capsicum annuum""]",122,7 - 14,0.25,"","",120 x 60,R1 Mar - Out,R3 Ago - Dez,"","",""
Pimenta Híbrida,COCCINELA,982,"","[""Hot Pepper Hybrid Coccinela"", ""Pimiento Hibrido Coccinela"", ""Capsicum annuum""]",157,7 - 14,0.2,"","",120 x 60,R1 Mar - Out,R3 Ago - Dez,"","",""
Pimenta Híbrida,PEPPINO,983,"","[""Hot Pepper Hybrid Peppino"", ""Pimiento Hibrido Peppino"", ""Capsicum annuum""]",145,7 - 14,0.2,"","",120 x 60,R1 Mar - Out,R3 Ago - Dez,"","",""
Pimenta,BHUT JOLOKIA AIMORÉ,980,"","[""Hot Pepper Bhut Jolokia Aimoré"", ""Pimiento Bhut Jolokia Aimoré"", ""Capsicum annuum""]",230,7 - 14,0.2,"","",80 x 50,R1 Mar - Out,R3 Ago - Dez,"","",""
Pimenta,AIRETAMA BIQUINHO,968,"","[""Hot Pepper Airetama Biquinho"", ""Pimiento Airetama Biquinho"", ""Capsicum annuum""]",350,7 - 14,0.1,"","",120 x 80,R1 Mar - Out,R3 Ago - Dez,"","",""
Pimenta,BRS MOEMA (BIQUINHO),969,"","[""Pepper BRS Moema (biquinho)"", ""Pimiento BRS Moema (biquinho)"", ""Capsicum annuum""]",380,7 - 14,0.2,"","",80 x 50,R1 Mar - Out,R3 Ago - Dez,"","",""
Pimenta,IRACEMA BIQUINHO VERMELHA,970,"","[""Pepper Iracema Biquinho"", ""Pimento Iracema Biquinho"", ""Capsicum chinense""]",380,7 - 14,0.15,"","",120 x 80,R1 Mar - Out,R3 Ago - Dez,"","",""
Pimenta,ARARI BODE AMARELA,971,"","[""Hot Pepper Arari Bode"", ""Pimiento Arari Bode"", ""Capsicum chinese""]",300,7 - 14,0.15,"","",120 x 60,R1 Mar - Out,R3 Ago - Dez,"","",""
Pimenta,TUPÃ BODE VERMELHA,972,"","[""Hot Pepper Tupã Bode"", ""Pimiento Tupã Bode"", ""Capsicum chinese""]",200,7 - 14,0.25,"","",120 x 60,R1 Mar - Out,R3 Ago - Dez,"","",""
Pimenta,BRS SERIEMA (BODE),978,"","[""Hot Pepper BRS Seriema (bode)"", ""Pimiento BRS Seriema (bode)"", ""Capsicum annuum""]",220,7 - 14,0.2,"","",120 x 60,R1 Mar - Out,R3 Ago - Dez,"","",""
Pimenta,GUARACI CUMARI DO PARÁ ,974,"","[""Hot Pepper Guaraci Cumari do Pará"", ""Pimiento Guaraci Cumari do Pará"", ""Capsicum annuum""]",300,7 - 14,0.35,"","",120 x 60,R1 Mar - Out,R3 Ago - Dez,"","",""
Pimenta,DE CHEIRO ACEMIRA,979,"","[""Hot Pepper Acemira"", ""Pimiento Acemira"", ""Capsicum annuum""]",150,7 - 14,0.24,"","",120 x 60,R1 Mar - Out,R3 Ago - Dez,"","",""
Pimenta ,DE CAYENNE,205,"","[""Hot Pepper Cayenne"", ""Pimiento Picante Cayenne"", ""Capsicum frutescens""]",200,7 - 14,0.6,"","",80 x 50,R1 Mar - Out,R3 ago - Jan,"","",""
Pimenta ,BRS MARI (DEDO-DE-MOÇA) ,977,"","[""Hot Pepper BRS Mari (dedo-de-moça)"", ""Pimiento BRS Mari (dedo-de-moça)"", ""Capsicum annuum""]",205,7 - 14,0.35,"","",80 x 50,R1 Mar - Out,R3 Ago - Dez,"","",""
Pimenta ,ITAGIBA HABANERO AMARELA ,975,"","[""Hot Pepper Itagiba"", ""Pimiento Itagiba Habanero"", ""Capsicum annuum""]",200,7 - 14,0.5,"","",120 x 60,R1 Mar - Out,R3 Ago - Dez,"","",""
Pimenta ,BOYRA HABANERO VERMELHA,976,"","[""Hot Pepper Boyra Habanero Red"", ""Pimiento Picante Boyra Habanero Rojo"", ""Capsicum chinense""]",250,7 - 14,0.15,"","",120 x 80,R1 Mar - Out,R3 Ago - Dez,"","",""
Pimenta,IBERABA JALAPENHO ,973,"","[""Hot Pepper Iberaba Jalapenho"", ""Pimiento Iberaba Jalapenho"", ""Capsicum annuum""]",175,7 - 14,0.35,"","",120 x 60,R1 Mar - Out,R3 Ago - Dez,"","",""
Pimenta,MALAGUETA,218,"","[""Hot Pepper Malagueta"", ""Pimiento Picante Malagueta"", ""Capsicum frutescens""]",200,7 - 14,0.45,"","",80 x 50,R1 Mar - Out,R3 Ago - Dez,"","",""
Pimenta,PIRÂMIDE ORNAMENTAL ,203,"","[""Hot Pepper Pyramid"", ""Pimiento Pirámide Ornamental"", ""Capsicum frutescens""]",200,7 - 14,0.9,"","",(Vasos) 15 x 15,R1 Mar - Out,R3 Ago - Jan,"","",""
Pimenta,ESPAGUETINHO ORNAMENTAL,219,"","[""Hot Pepper Octopus"", ""Pimiento Pulpo Ornamental"", ""Capsicum frutescens""]",164,7 - 14,0.9,"","",(Vasos) 15 x 15,R1 Mar - Out,R3 Ago - Jan,"","",""
Pimenta,STROMBOLI ORNAMENTAL,963,"","[""Hot Pepper Stromboli Ornamental"", ""Pimiento Stromboli Ornamental"", ""Capsicum annuum""]",270,7 - 14,0.15,"","",120 x 60,R1 Mar - Out,R3 Ago - Jan,"","",""
Pimenta,ETNA ORNAMENTAL,964,"","[""Hot Pepper Etna"", ""Pimiento Picante Etna Ornamental"", ""Capsicum frutescens""]",200,7 - 14,0.15,"","",Planta para cultivo ornamental (vasos),R1 Mar - Out,R3 Ago - Jan,"","",""
Pimentão,CHAPÉU DE BISPO - CAMBUCÍ ,213,"","[""Sweet Pepper Bishop Hat"", ""Pimiento Dulce Sombrero de Obispo"", ""Capsicum annuum""]",164,7 - 14,0.45,"","",80 x 50,R1 Mar - Out,R3 Ago - Jan,"","",""
Pimentão Híbrido,ANDES KOBAYASHI ,204,"","[""Sweet Pepper Hybrid Andes"", ""Pimiento Dulce Hibrido Andes"", ""Capsicum annuum""]",150,7 - 14,0.35,"","",80 x 50,R1 Mar - Out,R3 Ago - Jan,"","",""
Pimentão Híbrido,VERMELHO SAMURAI-SAIS,207,"","[""Sweet Pepper Red Samura"", ""Pimiento Dulce Rojo Samurai"", ""Capsicum annuum""]",150,7 - 14,0.35,"","",80 x 50,R1 Mar - Out,R3 Ago - Jan,"","",""
Pimentão Híbrido,AMARELO SATRAPO-SAIS,208,"","[""Sweet Pepper Yellow Satrapo"", ""Pimiento Dulce Amarillo Satrapo"", ""Capsicum annuum""]",150,7 - 14,0.35,"","",80 x 50,R1 Mar - Out,R3 Ago - Jan,"","",""
Pimentão Híbrido ,GREEN BELT ,214,"","[""Pepper Sweet Hybrid Green Belt"", ""Pimiento Dulce Hibrido Green Belt"", ""Capsicum anuum""]",150,7 - 14,0.35,"","",80 x 50,R1 Mar - Out ,R3 Ago - Jan,"","",""
Pimentão Híbrido, EXITO ,950,"","[""Sweet Pepper Hybrid Triunfo"", ""Pimiento Dulce Híbrido Triunfo"", ""Capsicum anuum""]",135,7 - 14,0.4,"","",80 x 50,R1 Mar - Out ,R3 Ago - Jan,"","",""
Pimentão Híbrido,SUCESSO,952,"","[""Sweet Pepper Hybrid Sucesso"", ""Pimiento Dulce Hibrido Sucesso"", ""Capsicum annuum ""]",185,7 - 14,0.3,"","",80 x 50,R1 Mar - Out ,R3 Ago - Jan,"","",""
Pimentão Híbrido,TRIUNFO,953,"","[""Sweet Pepper Hybrid Triunfo"", ""Pimiento Dulce Hibrido Triunfo"", ""Capsicum annuum""]",154,7 - 14,0.35,"","",80 x 50,R1 Mar - Out ,R3 Ago - Jan,"","",""
Pimentão Híbrido,PROVEITO,954,"","[""Sweet Pepper Hybrid Proveito"", ""Pimiento Dulce Hibrido Proveito"", ""Capsicum annuum ""]",140,7 - 14,0.35,"","",80 x 50,R1 Mar - Out ,R3 Ago - Jan,"","",""
Pimenta Híbrido,ESPLENDOR,955,"","[""Sweet Pepper Hybrid Esplendor"", ""Pimiento Dulce Hibrido Esplendor"", ""Capsicum annuum ""]",130,7 - 14,0.35,"","",80 x 50,R1 Mar - Out ,R3 Ago - Jan,"","",""
Pimentão,ALL BIG,206,"","[""Sweet Pepper All Big"", ""Pimiento Dulce All Big"", ""Capsicum annuum""]",180,7 - 14,0.5,"","",80 x 50,R1 Mar - Out,R3 Ago - Jan,"","",""
Pimentão,CASCA DURA IKEDA ,209,"","[""Sweet Pepper Ikeda"", ""Pimiento Dulce Ikeda"", ""Capsicum annuum""]",180,7 - 14,0.5,"","",80 x 50,R1 Mar - Out,R3 Ago - Jan,"","",""
Pimentão ,ITAPUÃ 501 ,210,"","[""Sweet Pepper Itapuã 501"", ""Pimiento Dulce Itapuã 501"", ""Capsicum annuum""]",164,5 - 14,0.45,"","",80 x 50,R1 Mar - Out,R3 Ago - Jan,"","",""
Pimentão,YOLO WONDER ,211,"","[""Sweet Pepper Yolo Wonder"", ""Pimiento Dulce Yolo Wonder"", ""Capsicum annuum""]",164,7 - 14,0.45,"","",80 x 50,R1 Mar - Out,R3 Ago - Jan,"","",""
Pimentão,ALONGADO AMARELO (DOCE) ,212,"","[""Sweet Pepper Yellow long"", ""Pimiento Dulce Amarillo Largo"", ""Capsicum annuum""]",164,7 - 14,0.45,"","",80 x 50,R1 Mar - Out,R3 Ago - Jan,"","",""
Quiabo,SANTA CRUZ 47,215,"","[""Okra Santa Cruz"", ""Quimbombo Santa Cruz"", ""Abelmoschus esculentus""]",17,4 - 21,5.0,"","",80 x 50,R1 Mar - Out,R3 Ago - Jan,"","",""
Quiabo,CLEMSON AMERICANO 80 ,216,"","[""Okra Clemson Spineless 80"", ""Quimbombo Clemson Americano 80"", ""Abelmoschus esculentus""]",17,4 - 21,5.0,"","",80 x 50,R1 Mar - Out,R3 Ago - Jan,"","",""
Quiabo,AMARELINHO,217,"","[""Okra Little Yellow"", ""Quimbombo Amarillo"", ""Abelmoschus esculentus""]",17,4 - 21,5.0,"","",80 x 50,R1 Mar - Out,R3 Ago - Jan,"","",""
Rabanete ,APOLO,228,"","[""Radish Apolo"", ""Rabanito Apolo"", ""Raphanus sativus""]",120,4 - 10,15.0,"","",30 x 5,R1 Mai - Ago,R3 Todo ano,"","",""
Rabanete Híbrido,MARGARET QUEEN ,230,"","[""Radish Hybrid Margaret Queen"", ""Rabanito Hibrido Margaret Queen"", ""Raphanus sativus""]",120,4 - 10,10.0,"","",30 x 5,R1 Mar - Ago,R3 Todo ano,"","",""
Rabanete ,SAXA,220,"","[""Radish Early Scarlet Globe"", ""Rabanito Redondo Rojo Temprano"", ""Raphanus sativus""]",120,4 - 10,15.0,"","",30 x 5,R1 Mai - Ago,R3 Todo ano,"","",""
Rabanete ,SPARKLER,222,"","[""Radish Sparkler"", ""Rabanito Sparkler"", ""Raphanus sativus""]",120,4 - 10,15.0,"","",30 x 5,R1 Mai - Ago,R3 Todo ano,"","",""
Rabanete ,MEIO-COMPRIDO AMAGER ,223,"","[""Radish French Breakfast"", ""Rabanito Medio Largo Punta Blanca"", ""Raphanus sativus""]",120,4 - 10,15.0,"","",30 x 5,R1 Mai - Ago,R3 -,"","",""
Rabanete ,BRANCO COMPRIDO ,224,"","[""Radish White Icicle Long"", ""Rabanito Blanco Largo"", ""Raphanus sativus""]",120,4 - 10,15.0,"","",30 x 5,R1 Fev - Nov,R3 -,"","",""
Rabanete,VERMELHO COMPRIDO,225,"","[""Radish Long Scarlet Short Top"", ""Rabanito Rojo Largo"", ""Raphanus sativus""]",120,4 - 10,15.0,"","",30 x 5,R1 Mai - Ago,R3 Todo ano,"","",""
Rabanete ,COMETA,226,"","[""Radish Comet"", ""Rabanito Cometa"", ""Raphanus sativus""]",120,4 - 10,15.0,"","",30 x 5,R1 Mai - Ago,R3 Todo ano,"","",""
Rabanete,GIGANTE SICULO,229,"","[""Radish Siculo Giant"", ""Rabanito Gigante Siculo"", ""Raphanus sativus""]",120,4 - 10,15.0,"","",30 x 5,R1 Mai - Ago,R3 Todo ano,"","",""
Repolho Híbrido,ESMERALDA,235,"","[""Cabbage Hybrid Esmeralda"", ""Repollo Hibrido Esmeralda"", ""Brassica oleracea var. capitata""]",230,5 - 10,0.25,"","",80 x 50,R1 Mar - Nov,R3 Jan - Dez,"","",""
Repolho Híbrido,BLUE CANYON,243,"","[""Cabbage Hybrid Blue Canyon"", ""Repollo Hibrido Blue Canyon"", ""Brassica oleracea var. capitata""]",280,5 - 10,0.2,"","",80 x 50,R1 Mar - Nov,R3 Todo ano,"","",""
Repolho Híbrido,FUYUTOKYO KOBAYASHI,244,"","[""Cabbage Hybrid Fuyutokio Kobayashi"", ""Repollo Hibrido Fuyutokio Kobayashi"", ""Brassica oleracea var. capitata""]",280,5 - 10,0.2,"","",80 x 50,R1 Mar - Nov,R3 Todo ano,"","",""
Repolho Híbrido,ROXO STAR RED,236,"","[""Cabagge Hybrid Purple Star Red "", ""Repollo Hibrido Púrpura Star Red "", ""Brassica oleracea var. capitata""]",288,5 - 10,0.15,"","",80 x 50,R1 Mar - Nov,R3 Jan - Dez,"","",""
Repolho Híbrido,ROXO SUPER RED,246,"","[""Cabbage Hybrid Super Red"", ""Repollo Hibrido Rojo"", ""Brassica oleracea var. capitata""]",250,5 - 10,0.2,"","",80 x 50,R1 Mar - Nov,R3 Todo ano,"","",""
Repolho,CHATO DE QUINTAL ,237,"","[""Cabbage Erly Flat Dutch"", ""Repollo Chato Temprano"", ""Brassica olaracea var. capitata""]",280,5 - 10,0.15,"","",80 x 50,R1 Mar - Jun,R3 Fev - Jul,"","",""
Repolho,CORAÇÃO-DE-BOI ,238,"","[""Cabbage Early Jersey Wakefield"", ""Repollo Jersey Wekefield"", ""Brassica oleracea var. capitata""]",280,5 - 10,0.15,"","",80 x 50,R1 Mar - Jun,R3 Fev - Jul,"","",""
Repolho,CRESPO DE MILÃO,239,"","[""Cabbage Curled"", ""Repollo Crespo"", ""Brassica oleracea var. capitata""]",300,5 - 10,0.25,"","",80 x 50,R1 Mar - Nov,R3 Todo ano,"","",""
Repolho,LOUCO DE VERÃO,240,"","[""Cabbage Louco Summer"", ""Repollo Loco Verano"", ""Brassica oleracea var. capitata""]",280,5 - 10,0.15,"","",80 x 50,R1 Todo ano,R3 Ago - Fev,"","",""
Repolho ,60 DIAS ,242,"","[""Cabbage Early Round Dutch"", ""Repollo Redondo Temprano"", ""Brassica oleracea var. capitata""]",280,5 - 10,0.15,"","",80 x 50,R1 Mar - Jun,R3 Fev - Jul,"","",""
Repolho,ROXO,241,"","[""Cabbage Mammoth Red Rock "", ""Repollo Rojo"", ""Brassica oleracea var. capitata""]",280,5 - 10,0.15,"","",80 x 50,R1 Mar - Nov,R3 Todo ano,"","",""
Rúcula ,DONATELLA (FOLHA LARGA),254,"","[""Rocket Donatella "", ""Rucula Donatella"", ""Eruca sativa""]",590,4 - 7,3.0,"","",20 x 15,R1 Fev - Nov,R3 Todo ano,"","",""
Rúcula ,ANTONELLA (CULTIVADA),255,"","[""Rocket Antonella "", ""Rucula Antonella"", ""Eruca sativa""]",560,4 - 7,3.0,"","",20 x 15,R1 Fev - Nov,R3 Todo ano,"","",""
Rúcula,ROKITA,256,"","[""Rocket Rokita"", ""Rucula Rokita"", ""Eruca sativa""]",580,4 - 10,2.0,"","",20 x 15,R1 Todo ano,R3 Todo ano,"","",""
Rúcula ,GIGANTE FOLHA LARGA,247,"","[""Rocket Giant "", ""Rucula Gigante"", ""Eruca sativa""]",720,4 - 7,2.3,"","",20 x 15,R1 Fev - Nov,R3 Todo ano,"","",""
Rúcula ,CULTIVADA,248,"","[""Rocket "", ""Rucula"", ""Eruca sativa""]",720,4 - 7,2.3,"","",20 x 15,R1 Fev - Nov,R3 Todo ano,"","",""
Rúcula,SILVESTRE,249,"","[""Wild Rocket "", ""Rucula silvatica"", ""Diplotaxis erucoides""]",5200,4 - 8,2.5,"","",Lanço 1 x 5,R1 Fev - Nov,R3 Todo ano,"","",""
Salsa,GRAÚDA PORTUGUESA,251,"","[""Parsley Dark Green Italian "", ""Perejil Grande Italiano"", ""Petroselinum crispum""]",550,10 - 28,2.0,"","",Linhas 40cm,R1 Fev - Nov,R3 Todo ano,"","",""
Salsa,CRESPA,252,"","[""Parsley Moss Curled "", ""Perejil Crespo"", ""Petroselinum crispum""]",550,10 - 28,1.5,"","",30 x 10,R1 Fev - Nov,R3 Todo ano,"","",""
Salsa,LISA,253,"","[""arsley Plain "", ""erejil Liso"", ""etroselinum crispum""]",550,10 - 28,2.0,"","",40 x 10,R1 Fev - Nov,R3 Todo ano,"","",""
Tomate Cereja Híbrido,CHIPANO LONGA VIDA SAIS,266,"","[""Cherry Tomato Hybrid Chipano Long Self Life "", ""Tomate Cerejo Hibrido Chipano LSL"", ""Lycopersicon lycopersicum""]",400,5 - 14,0.15,"","",100 x 50,R1 Mar - Out,R3 Ago - Jan,"","",""
Tomate Híbrido,WANDA CEREJA,267,"","[""Tomato Hybrid Wanda"", ""Tomate Hibrido Wanda"", ""Lycopersicon lycopersicum""]",530,5 - 14,0.1,"","",100 x 50,R1 Mar - Out,R3 Ago - Jan,"","",""
Tomate Híbrido,TIGRE,289,"","[""Tomato Hybrid Tigre"", ""Tomate Hibrido Tigre"", ""Lycopersicon lycopersicum""]",350,5 - 14,0.1,"","",120 x 60,R1 Mar - Out,R3 Ago - Jan,"","",""
Tomate Híbrido,DOLCETTO,285,"","[""Tomato Hybrid Dolcetto Grape"", ""Tomate Hibrido Dolcetto Grape"", ""Lycopersicon lycopersicum""]",660,5 - 14,0.08,"","",100 x 50,R1 Mar - Out,R3 Ago - Jan,"","",""
Tomate Híbrido,SORBETTO,286,"","[""Tomato Hybrid Sorbetto Mini San Marzano"", ""Tomate Hibrido Sorbetto Mini San Marzano"", ""Lycopersicon lycopersicum""]",745,5 - 14,0.06,"","",100 x 50,R1 Mar - Out,R3 Ago - Jan,"","",""
Tomate Híbrido,TUCANEIRO,271,"","[""Tomato Hybrid Tucaneiro"", ""Tomate Hibrido Tucaneiro"", ""Lycopersicun lycopersicum""]",310,5 - 14,0.1,"","",120 x 60,R1 Mar - Out,R3 Ago - Jan,"","",""
Tomate Híbrido,OLIVER,272,"","[""Tomato Hybrid Oliver"", ""Tomate Hibrido Oliver"", ""Lycopersicun lycopersicum""]",440,5 - 14,0.1,"","",100 x 50,R1 Mar - Out,R3 Ago - Jan,"","",""
Tomate Híbrido,AKRAI,269,"","[""Tomato Hybrid Akrai "", ""Tomate Hibrido Akrai"", ""Lycopersicon lycopersicum""]",320,5 - 14,0.1,"","",100 x 50,R1 Mar - Out,R3 Ago - Jan,"","",""
Tomate Híbrido ,JACARANDÁ,280,"","[""omato Hybrid Jacaranda "", ""omate Hibrido Jacaranda"", ""ycopersicun lycopersicum""]",350,5 - 14,0.06,"","",100 x 50,R1 Todo ano ,R3 Ago - Jan,"","",""
Tomate Híbrido,CAJUEIRO,281,"","[""Tomato Hybrid Cajueiro"", ""Tomate Hibrido Cajueiro"", ""Lycopersicun lycopersicum ""]",380,5 - 14,0.6,"","",100 x 50,R1 Mar - Out,R3 Ago - Jan,"","",""
Tomate Híbrido,UMBU,282,"","[""Tomato Hybrid Umbu "", ""Tomate Hibrido Umbu"", ""Lycopersicun lycopersicum ""]",380,5 - 14,0.75,"","",100 x 50,R1 Todo ano,R3 Ago - Jan,"","",""
Tomate Híbrido,ARAUCARIA,284,"","[""Tomato Hybrid Araucaria "", ""Tomate Hibrido Araucaria"", ""Lycopersicun lycopersicum""]",350,5 - 14,0.06,"","",100 x 50,R1 Todo ano,R3 Ago - Jan,"","",""
Tomate Híbrido,CAPITÃO,277,"","[""Tomato Hybrid Capitão"", ""Tomate Hibrido Capitão"", ""Lycopersicun lycopersicum""]",380,5 - 14,0.6,"","",100 x 50,R1 Mar - Out,R3 Ago - Jan,"","",""
Tomate Híbrido,CEDRO,278,"","[""Tomato Hybrid Cedro"", ""Tomate Hibrido Cedro"", ""Lycopersicun lycopersicum""]",350,5 - 14,0.125,"","",100 x 50,R1 Todo ano,R3 Ago - Jan,"","",""
Tomate Híbrido,IPÊ,297,"","[""Tomato Hybrid Ipê"", ""Tomate Hibrido Ipê"", ""Lycopersicun lycopersicum""]",350,5 - 14,0.125,"","",100 x 50,R1 Mar - Out,R3 Ago - Jan,"","",""
Tomate Híbrido,BURITI,298,"","[""Tomato Hybrid Buriti"", ""Tomate Hibrido Buriti"", ""Lycopersicon lycopersicum""]",720,5 - 14,0.08,"","",100 x 50,R1 Fev - Nov,R3 Todo ano,"","",""
Tomate Híbrido,SÊNECA,287,"","[""Tomato Hybrid Seneca"", ""Tomate Hibrido Seneca Pandeo"", ""Lycopersicon lycopersicum""]",400,5 - 14,0.07,"","",120 x 60,R1 Abr - Jul,R3 Todo ano,"","",""
Tomate Híbrido,VERÔNICA,288,"","[""Tomato Hybrid Veronica"", ""Tomate Hibrido Veronica"", ""Lycopersicon lycopersicum""]",330,5 - 14,0.09,"","",120 x 60,R1 Mar - Out,R3 Ago - Jan,"","",""
Tomate Híbrido,ANJICO,290,"","[""Tomato Hybrid Anjico"", ""Tomate Hibrido Anjico"", ""Lycopersicun lycopersicum""]",350,5 - 14,0.125,"","",100 x 50,R1 Todo ano,R3 Ago - Jan,"","",""
Tomate Híbrido,TAIUVA,291,"","[""Tomato Hybrid Taíuva"", ""Tomate Hibrido Taíuva"", ""Lycopersicon lycopersicum""]",315,5 - 14,0.125,"","",100 x 50,R1 Mar - Out,R3 Ago - Jan,"","",""
Tomate Híbrido,CANDEIA,292,"","[""Tomato Hybrid Candeia "", ""Tomate Hibrido Candeia"", ""Lycopersicun lycopersicum""]",380,5 - 14,0.1,"","",100 x 50,R1 Mar - Out,R3 Ago - Jan,"","",""
Tomate Híbrido,CAMBARÁ,294,"","[""Tomato Hybrid Cambara "", ""Tomate Hibrido Cambara"", ""Lycopersicun lycopersicum""]",415,5 - 14,0.1,"","",100 x 50,R1 Todo ano,R3 Ago - Jan,"","",""
Tomate Híbrido,ANGELIM,274,"","[""Tomato Hybrid Angelim"", ""Tomate Hibrido Angelim"", ""Lycopersicun lycopersicum""]",350,5 - 14,0.125,"","",100 x 50,R1 Mar - Out,R3 Ago - Jan,"","",""
Tomate Híbrido,IMBUIA,276,"","[""Tomato Hybrid Imbuia "", ""Tomate Hibrido Imbuia"", ""Lycopersicun lycopersicum""]",345,5 - 14,0.115,"","",100 x 50,R1 Mar - Out,R3 Ago - Jan,"","",""
Tomate,IPA 6,260,"","[""Tomato IPA 6 "", ""Tomate IPA 6"", ""Lycopersicon lycopersicum""]",350,5 - 14,0.35,"","",100 x 25,R1 Mar - Out,R3 Ago - Jan,"","",""
Tomate,CEREJA,261,"","[""Cherry Tomato "", ""Tomate Cereza"", ""Lycopersicon lycopersicum ""]",450,5 - 14,0.15,"","",100 x 50,R1 Mar - Out,R3 Ago - Jan,"","",""
Tomate ,SUPER MARMANDE (GAÚCHO/MAÇÃ),262,"","[""Tomato Super Marmande "", ""Tomate Super Marmande"", ""Lycopesicon licopersicum (L.) H.Karst => ""]",350,5 - 14,0.18,"","",100 x 50,R1 Mar - Out,R3 Ago - Dez,"","",""
Tomate ,SANTA CRUZ KADA (PAULISTA),263,"","[""Tomato Santa Cruz Kada "", ""Tomate Santa Cruz Kada"", ""Lycopersicon lycopersicum""]",350,5 - 14,0.18,"","",100 x 50,R1 Mar - Out,R3 Ago - Dez,"","",""
Tomate,RASTEIRO RIO GRANDE,265,"","[""Tomato Determinate Rio Grande "", ""Tomate Rastrero Rio Grande"", ""Lycopersicon lycopersicum""]",350,5 - 14,0.35,"","",100 x 25,R1 Mar - Out,R3 Ago - Dez,"","",""
Tomate,SAN MARZANO,270,"","[""Tomato San Marzano "", ""Tomate San Marzano"", ""Lycopersicon lycopersicum""]",450,5 - 14,0.15,"","",100 x 50,R1 Mar - Out,R3 Ago - Dez,"","",""
Tomate,SANTA CLARA I-5300,273,"","[""Tomato Santa Clara I - 5300 "", ""Tomate Santa Clara I - 5300"", ""Lycopesicon licopersicum""]",350,5 - 14,0.15,"","",100 x 50,R1 Mar - Out,R3 Ago - Dez,"","",""
Alecrim,/ROSMARINO,467,"","[""Rosemary"", ""Romero"", ""Rosmarinus officinalis""]",750,7 - 28,0.1,"","",120 x 90,R1 Todo ano,R3 Set - Mai,"","",""
Aneto,/ENDRO,468,"","[""Dill"", ""Aneto"", ""Anethum graveolens""]",630,7 - 21,0.4,"","",40 x 30,R1 Todo ano,R3 Set - Mai,"","",""
Anis,/ERVA-DOCE,470,"","[""Anise"", ""Anis"", ""Pimpinella anisum""]",400,7 - 21,0.75,"","",50 x 20,R1 Todo ano,R3 Set - Mai,"","",""
Arruda,/RUTA DE CHEIRO FORTE,472,"","[""Rue"", ""Ruda"", ""Ruta graveolens""]",550,7 - 28,0.3,"","",50 x 40,R1 Todo ano,R3 Set - Mai,"","",""
Arruda,GRAÚDA,473,"","[""Rue"", ""Ruda"", ""Ruta graveolens""]",640,7 - 28,0.25,"","",50 x 40,R1 Todo ano,R3 Set - Mai,"","",""
Camomila,VERDADEIRA/MAÇANILHA,474,"","[""Chamomile. True"", ""Manzanilla Verdadera"", ""Matricaria recutita""]",8500,7 - 14,0.1,"","",30 x 20,R1 Todo ano,R3 Set - Mai,"","",""
Cebolinha Híbrida,SAHARA,466,"","[""Onion Hybrid Sahara"", ""Cebollino Hibrido Sahara"", ""Allium fistulosum""]",750,4 - 10,0.85,"","",30 x 10,R1 Todo ano,R3 Set - Mar,"","",""
Cebolinha Híbrida,ATLÂNTICA,469,"","[""Onio Hybrid Atlantica"", ""Cebollino Hibrido Atlantica"", ""Allium fistulosum""]",460,6 - 14,1.5,"","",30 x 10,R1 Mar - Jul,R3 Mar - Jul,"","",""
Cebolinha,TODO ANO/CIBOULETTE,476,"","[""Chives"", ""Cebollina"", ""Allium schoenoprasum""]",870,6 - 14,1.2,"","",30 x 10,R1 Todo ano,R3 Set - Mai,"","",""
Cerefólio,"",477,"","[""Chervil Common"", ""Perifolio Comum"", ""Anthriscus cerefolium""]",450,7 - 21,1.2,"","",40 x 15,R1 Todo ano,R3 Set - Mai,"","",""
Cominho,VERDADEIRO,478,"","[""Comim"", ""Comino"", ""Cominum cyminum""]",330,5 - 14,1.5,"","",40 x 15,R1 Todo ano,R3 Out - Dez,"","",""
Estragão Russo,ARTEMISIA,480,"","[""Tarragon Russian"", ""Estragon"", ""Artemisia dracunculus""]",6000,7 -21,0.5,"","",50 x 40,R1 Todo ano,R3 Set - Mai,"","",""
Funcho ,DOCE/ERVA-DOCE DE CABEÇA ,482,"","[""Fennel, Sweet"", ""Hinojo"", ""Foeniculum vulgare""]",225,7 - 14,2.5,"","",30 x 30,R1 Todo ano,R3 Set - Mai,"","",""
Hissopo ,/ALFAZEMA DE CABOCLO,483,"","[""Hyssop"", ""Hissopo"", ""Hyssopus officinalis""]",950,7 - 14,0.5,"","",40 x 30,R1 Todo ano,R3 Set - Mai,"","",""
Hortelã,/MENTA,484,"","[""Peppermint"", ""Menta"", ""Mentha piperita""]",15000,14 - 21,3.0,"","",40 x 30,R1 Todo ano,R3 Set - Mai,"","",""
Lavanda ,VERDADEIRA/ALFAZEMA,485,"","[""Lavander, True"", ""Espilego Verdadero"", ""Lavandula angustifolia""]",950,17 - 35,0.5,"","",40 x 30,R1 Todo ano,R3 Set - Mai,"","",""
Losna,/ABSINTO/ERVA DOS VERMES,486,"","[""Worwood / Absinthium"", ""Absinto"", ""Artemisia absinthium""]",16000,7 - 21,2.0,"","",60 x 30,R1 Todo ano,R3 Set - Mai,"","",""
Manjericão,GENNARO DE MENTA,471,"","[""Basil Gennaro de Menta"", ""Albahaca Gennaro de Menta"", ""Ocimum basilicum""]",600,4 - 14,2.0,"","",30 x 30,R1 Todo ano,R3 Set - Mai,"","",""
Manjericão,TOSCANO FOLHA DE ALFACE ,487,"","[""Basil Toscano Lettuce Leaf"", ""Albahaca Toscano Hoja de Lechuga"", ""Ocimum basilicum L.""]",650,4 - 14,0.6,"","",30 x 30,R1 Todo ano,R3 Set - Mai,"","",""
Manjericão,/ALFAVACA BASILICÃO,488,"","[""Basil, Sweet Italian Large Leaf"", ""Albahaca"", ""Ocimum basilicum""]",650,4 - 14,0.6,"","",30 x 30,R1 Todo ano,R3 Set - Mai,"","",""
Manjericão ,/ALFAVACA BASILICÃO VERMELHO,489,"","[""Basil, Sweet Italian Large Red Leaf"", ""Albahaca"", ""Ocimum basilicum""]",700,4 - 14,0.5,"","",30 x 30,R1 Todo ano,R3 Set - Mai,"","",""
Manjericão/ALFAVACA,BASILICÃO VERMELHO RUBI,491,"","[""Sweet Basil Red Rubin Purple Leaf"", ""Albahaca"", ""Ocimum Basilicum""]",700,4 - 14,0.5,"","",30 x 30,R1 Todo ano,R3 Set - Mai,"","",""
Manjericão ,LIMONCINO,499,"","[""Basil Limoncino"", ""Albahaca Limoncino"", ""Ocimum basilicum""]",680,4 - 14,0.5,"","",30 x 30,R1 Todo ano,R3 Set - Mai,"","",""
Manjericão ,GRECCO A PALLA,479,"","[""Basil Grecco a Palla"", ""Albahaca Grecco a Palla"", ""Ocimum basilicum""]",650,4 - 14,0.5,"","",30 x 30,R1 Todo ano,R3 Set - Mai,"","",""
Manjerona,"",490,"","[""Marjoram, Sweet"", ""Manjerone"", ""Origanum majorana""]",4700,7 - 21,0.15,"","",30 x 20,R1 Todo ano,R3 Set - Mai,"","",""
Melissa ,/ERVA-CIDREIRA,492,"","[""Balm"", ""Toronjil"", ""Melissa officinalis""]",1650,7 - 21,0.2,"","",40 x 30,R1 Todo ano,R3 Set - Mai,"","",""
Orégano ,"",493,"","[""Manjoran, Pot or Perenial"", ""Orégano"", ""Origanum vulgare L.""]",9000,7 - 21,0.1,"","",50 x 30,R1 Todo ano,R3 Set - Mai,"","",""
Orégano ,VERDADEIRO,494,"","[""Greek Origan White Flower"", ""Orégano Verdadero"", ""Origanum vulgare subsp. hirtum""]",10000,7 - 21,0.1,"","",50 x 30,R1 Todo ano,R3 Set - Mai,"","",""
Sálvia,"",496,"","[""Sage"", ""Salvia"", ""Salvia officinalis""]",220,7 - 21,0.8,"","",80 x 40,R1 Todo ano,R3 Set - Mai,"","",""
Tomilho ,/TIMO,498,"","[""Thyme. Common"", ""Tomillo"", ""Thymus vulgaris""]",4700,7 - 21,0.15,"","",30 x 20,R1 Todo ano,R3 Set - Mai,"","",""
Abobrinha,DECORATIVA SORTIDA,300,"","[""Gourds Ornamentals Small Fruited Mixed"", ""Zapallito de Adorno Variado"", ""Cucurbita pepo""]",18,4 - 8,450.0,"","",100 x 50,R1 Fev - Nov,R3 Ago - Jan,"","",""
Adonis ,VERMELHO/OLHO DE FAISÃO,301,"","[""Adonis Aestivalis/Pheasant‘s Eye"", ""Adonis Rojo"", ""Adonis aestivalis""]",125,14 - 35,400.0,"","",30 x 30,R1 Mar - Nov,R3 Todo ano,"","",""
Ageratum,HOUSTONIANUM,303,"","[""Ageratum Houstonianum Blue Mink"", ""Ageratum Houstonianum"", ""Ageratum houstonianum""]",5000,7 - 14,9.0,"","",30 x 30,R1 Mar - Nov,R3 Todo ano,"","",""
Ageratum,AMARELO LONAS INODORA,700,"","[""Ageratum Yellow"", ""Ageratum Amarillo"", ""Lonas inodora""]",7000,7 - 14,7.0,"","",30 x 30,R1 Mar - Nov ,R3 Todo ano,"","",""
Ageratum ,HOUSTONIANUM SWING,705,"","[""geratum Houstonianum Hybrid"", ""geratum Houstonianum Hibrido"", ""geratum houstonianum""]",7000,7 - 14,7.0,"","",30 x 30,R1 Mar - Nov,R3 Todo ano,"","",""
Alyssum,COMPACTUM BRANCO ,306,"","[""Alyssum Carpet of Snow"", ""Alyssum Blanco"", ""Lobularia maritima""]",3000,7 - 21,15.0,"","",30 x 30,R1 Mai - Set,R3 Ago - Fev,"","",""
Alyssum,PERENE AMARELO ,307,"","[""Alyssum Saxatile Golden Yellow"", ""Alyssum Amarillo"", ""Alyssum saxatile""]",1000,7 - 21,45.0,"","",30 x 30,R1 Abr - Ago,R3 Ago - Dez,"","",""
Alyssum,VIOLETA,308,"","[""Alyssum Queen Violet"", ""Alyssum Violeta"", ""Lobularia maritima""]",3000,7 - 21,15.0,"","",30 x 30,R1 Maio - Set,R3 Ago - Fev,"","",""
Amaranthus,GLOBULAR / PERPÉTUA ANÃ,310,"","[""Globe Amaranth"", ""Amaranthus Globular"", ""Gomphrena globosa""]",420,7 - 21,160.0,"","",30 x 20,R1 Mar - Nov,R3 Todo ano,"","",""
Amor-Perfeito,F2 HAPPYFLOWER SORTIDO ,710,"","[""Pansy F2 Happyflower Mixture"", ""Pensamiento F2 Happyflower Variado"", ""Viola wittrockiana""]",840,7 - 21,80.0,"","",30 x 20,R1 Maio,R3 Mar - Jul,"","",""
Amor-Perfeito,MIX OCEANO ,713,"","[""Pansy Swiss Giant Cape Horn"", ""Pensamiento Variado Azul y Blanco"", ""Viola wittrockiana""]",840,7 - 21,80.0,"","",30 x 20,R1 Maio,R3 Mar - Jul,"","",""
Amor-Perfeito,MINI HÍBRIDO SCOTCH SORTIDO,715,"","[""Pansy Miniature Hybrid Scotch Mixed"", ""Pensamiento Mini Hibrido Scotch Variado"", ""Viola wittrockiana""]",1000,7 - 21,100.0,"","",20 x 20,R1 Maio,R3 Fev - Ago,"","",""
Amor-Perfeito,GIGANTE SUIÇO LARANJA,312,"","[""Pansy Swiss Giant Deep Orange"", ""Pensamiento Naranja"", ""Viola wittrockiana""]",900,7 - 21,75.0,"","",30 x 20,R1 Maio,R3 Mar - Jul,"","",""
Amor-Perfeito ,GIGANTE SUÍÇO AMARELO,314,"","[""Pansy Swiss Giant Rheingold"", ""Pensamiento Amarillo"", ""Viola wittrockiana""]",840,7 - 21,80.0,"","",30 x 20,R1 Maio,R3 Mar - Jul,"","",""
Amor-Perfeito ,GIGANTE SUÍÇO ROXO,315,"","[""Pansy Swiss Giant Deep Blue"", ""Pensamiento Violeta"", ""Viola wittrockiana ""]",840,7 - 21,80.0,"","",30 x 20,R1 Maio,R3 Mar - Jul,"","",""
Amor-Perfeito ,GIGANTE SUÍÇO BRANCO,316,"","[""Pansy Swiss Giant April Snow"", ""Pensamiento Blanco"", ""Viola wittrockiana""]",880,7 - 21,80.0,"","",30 x 20,R1 Maio,R3 Mar - Jul,"","",""
Amor-Perfeito ,GIGANTE SUÍÇO PÚRPURA,317,"","[""Pansy Swiss Giant Claret"", ""Pensamiento Purpura"", ""iola wittrockiana""]",870,7 - 21,80.0,"","",30 x 20,R1 Maio,R3 Mar - Jul,"","",""
Amor-Perfeito ,GIGANTE SUÍÇO SORTIDO,318,"","[""Pansy Swiss Giant Mixed"", ""Pensamiento Variado"", ""Viola wittrockiana""]",840,7 - 21,80.0,"","",30 x 20,R1 Maio,R3 Mar - Jul,"","",""
Amor-Perfeito,GIGANTE SUÍÇO VERMELHO,319,"","[""Pansy Swiss Giant Alpenglow"", ""Pensamiento Rojo"", ""Viola wittrockiana""]",840,7 - 21,80.0,"","",30 x 20,R1 Maio,R3 Mar - Jul,"","",""
Amor-Perfeito,GIGANTE SUÍÇO CRESPO SORTIDO,320,"","[""Pansy Swiss Giant Rough Mixed"", ""Pensamiento Scotch Crespo Variado"", ""Viola wittrockiana""]",800,7 - 21,85.0,"","",30 x 20,R1 Maio,R3 Mar - Jul,"","",""
Aster,PLUMA DE AVESTRUZ SORTIDA,332,"","[""Aster Ostrich Plume Mixed/Michaelmas Daisy"", ""Reina Margarita Pluma de Avestruz Variada"", ""Callistephus chinensis""]",490,7 - 14,70.0,"","",40 x 30,R1 Maio,R3 jan - Mai,"","",""
Aster,RAINHA DO MERCADO SORTIDA,333,"","[""Aster Queen of the Market Mixed"", ""Reina Margarita Mercado Variada"", ""Callistephus chinensis""]",490,7 - 14,70.0,"","",40 x 30,R1 Maio,R3 Jan - Mai,"","",""
Aster,GIGANTE SINGELA SORTIDA,334,"","[""Aster Single China Mixed"", ""Reina Margarita Gigante Simple Variada"", ""Callistephus chinensis""]",600,7 - 14,60.0,"","",40 x 30,R1 Maio,R3 Jan - Mai,"","",""
Aubrietia Híbrida,SORTIDA,335,"","[""Rock Cress Mixed"", ""Aubretia Deltoides Variada"", ""Aubretia deltoidea""]",2950,7 - 21,15.0,"","",30 x 30,R1 Abr - Set,R3 Jul - Set,"","",""
Balsamina,DOBRADA SORTIDA ,336,"","[""Balsam Camelia Flowered Double Mixed"", ""Balsamina Dobrada Variada"", ""Impatiens balsamina""]",250,7 - 21,370.0,"","",30 x 30,R1 Mai - Set,R3 Ago - Fev,"","",""
Begônia Semperflorens ,SINGELA SORTIDA ,337,"","[""Begonia Semperflorens Single Mixed"", ""Begonia Semperflorens Single Variada"", ""Begonia semperflorens""]",70000,7 - 21,1.0,"","",30 x 20,R1 Mar - Nov,R3 Todo ano,"","",""
Begônia,SEMPERFLORENS F2,720,"","[""Begonia Semperflorens F2"", ""Begonia Semperflorens F2"", ""Begonia semperflorens""]",21500,7 - 21,3.0,"","",30 x 20,R1 Mar - Nov ,R3 Todo ano,"","",""
Bellis Perennis,RAPAZINHO,338,"","[""Bellis Perennis Double Flowered Mixed/Englis"", ""Bellis Perennis"", ""Bellis perennis""]",7000,7 - 14,20.0,"","",30 x 10,R1 Abr - Mai,R3 Fev - Jun,"","",""
Antirrhinum/Boca-de-Leão, ALTA SORTIDA,326,"","[""Snapdragon University of Califórnia Mixed"", ""Conejito Alto Variado"", ""Antirrhinum majus""]",8500,7 - 21,6.0,"","",30 x 30,R1 Abr - Mai,R3 Fev - Jun,"","",""
Boca-de-Leão , ANÃ SORTIDA ,327,"","[""Snapdragon Magic Carpet Dwarf Mixed"", ""Conejito Bajo Variado"", ""Antirrhinumn majus""]",8500,7 - 21,6.0,"","",30 x 30,R1 Abr - Mai,R3 Fev - Jun,"","",""
Brovalia,AZUL ,724,"","[""Browallia Blue"", ""Browallia Azul"", ""Browallia americana""]",8600,7 - 21,4.0,"","",40 x 30,R1 Abr - Jul,R3 Jul - Set,"","",""
Calêndula/Bonina,DOBRADA SORTIDA ,340,"","[""Calendula Double Mixed"", ""Calendula Variada"", ""Calendula officinalis""]",125,7 - 14,360.0,"","",30 x 30,R1 Mar - Nov,R3 Todo ano,"","",""
Caliopsis,ELEGANS BICOLOR,342,"","[""Caliopsis Bicolor Tall Mixed"", ""Caliopsis Bicolor"", ""Coreopsis tinctoria""]",5060,7 - 14,2.0,"","",30 x 30,R1 Abr - Ago,R3 Ago - Mar,"","",""
Campânula,DOBRADA SORTIDA,344,"","[""Canterbury Bells Double Mixed"", ""Campanilla Doble Variada"", ""Campanula medium""]",5000,7 - 21,9.0,"","",30 x 30,R1 -,R3 Dez - Fev,"","",""
Capuchinha Híbrida,DOBRADA ALTA,345,"","[""asturtium Gleam Hybrids Mixed"", ""apuchina Híbrida Variada"", ""ropaeolum majus""]",6,7 - 21,1670.0,"","",80 x 50,R1 Abr - Jun,R3 Fev - Nov,"","",""
Capuchinha,ANÃ SORTIDA,346,"","[""Nasturtium Dark Leaved Mixture"", ""Capuchina Baja Variada"", ""Tropaeolum majus""]",7,7 - 21,6330.0,"","",30 x 30,R1 Abr - Jun,R3 Fev - Nov,"","",""
Celósia Cristata,ANÃ SORTIDA/CRISTA-DE-GALO,347,"","[""Celosia Cristata Nana Coral Mixed"", ""Celosia Cristata/Cresta-de-Gallo"", ""Celosia argentea var. cristata""]",1370,5 - 14,20.0,"","",50 x 30,R1 Mai - Set ,R3 Ago - Fev ,"","",""
Celósia Plumosa,SORTIDA/RABO-DE-GALO,348,"","[""Celosia Plumosa Pampas Plume Mixture"", ""Celosia Plumosa/Penacho-de-Gallo"", ""Celosia agentea var. plumosa""]",1400,5 - 14,50.0,"","",30 x 20,R1 Mai - Set ,R3 Ago - Fev,"","",""
Celósia Plumosa ,SORTIDA ANÃ/RABO-DE-GALO,349,"","[""Celosia Plumosa Lilliput Mixed"", ""Celosia Plumosa Baja Variada/Penacho-de-G"", ""Celosia argentea var. plumosa""]",1500,5 - 14,45.0,"","",30 x 20,R1 Mai - Set ,R3 Ago - Fev,"","",""
Celósia Plumosa,ANÃ GLITTERS SERIES SORTIDA,725,"","[""Celosia Plumosa Dwarf Glitters Series Mixed"", ""Celosia Plumosa Baja Glitters Series Variada"", ""Celosia argentea var.plumosa""]",1700,5 - 14,40.0,"","",30 x 20,R1 Abr - Jun,R3 Jul - Dez,"","",""
Centáurea,CYANUS SORTIDA,350,"","[""entaurea Cyanus Tall Mixed/Bachelor Button"", ""entaurea Variada"", ""entaurea cyanus""]",230,7 - 21,200.0,"","",30 x 30,R1 Mar - Out,R3 Ago - Dez,"","",""
Cinerária,MARÍTIMA,351,"","[""Cineraria Maritima Candicans"", ""Cineraria Maritima"", ""Senecio cineraria""]",1940,5 - 14,35.0,"","",30 x 20,R1 Mar - Nov,R3 Todo ano,"","",""
Cinerária,MARÍTIMA CIRRUS,740,"","[""Cineraria Maritima Cirrus"", ""Cineraria Maritima Cirrus"", ""Senecio cineraria""]",1940,7 - 21,35.0,"","",30 x 20,R1 Mar - Nov,R3 Todo ano,"","",""
Clarquia,SORTIDA,352,"","[""Clarkia Double Flowered Mixed"", ""Clarkia Variada"", ""Clarkia unguiculata""]",2800,5 - 14,30.0,"","",30 x 15,R1 Abr - Ago,R3 Ago - Dez,"","",""
Cobea,SCANDENS/SINO DE CATEDRAL ,360,"","[""Cobea Scandens/Cathedral Bells"", ""Cobea Scandens"", ""Cobea scandens""]",13,4 - 14,3400.0,"","",30 x 30,R1 Mai - Set,R3 Ago - Fev,"","",""
Coleus,ARCO-ÍRIS SORTIDO,353,"","[""Coleus Rainbow Mixture"", ""Coleus Arco Íris Variado"", ""Solenostemon scutellarioides""]",3400,7 - 21,15.0,"","",30 x 25,R1 Todo ano,R3 Todo ano,"","",""
Convolvulus,TRICOLOR/BELA MANHÃ,355,"","[""onvulvulus Tricolor Mixed / Morning Glory"", ""onvulvulus Tricolor"", ""onvolvulus tricolor""]",100,7 - 14,1300.0,"","",30 x 10,R1 Abr - Ago,R3 Ago - Dez,"","",""
Cosmea,SENSAÇÃO SORTIDA,354,"","[""Cosmos Sensations Mixed"", ""Cosmos Sensacion Variado"", ""Cosmos bipinnatus""]",130,5 - 14,250.0,"","",40 x 30,R1 Mai - Set,R3 Ago - Fev,"","",""
Couve,ORNAMENTAL SORTIDA,356,"","[""Kale Ornamental Mixed"", ""Col Ornamental Variada"", ""Brassica oleracea""]",460,5 - 10,40.0,"","",50 x 40,R1 Mar - Nov,R3 Todo ano,"","",""
Cravina ,BARBATUS ALTA DOBRADA SORTIDA,357,"","[""Sweet William Tall Double Mixed"", ""Clavelina de Poeta Doble Variada"", ""Dianthus barbatus""]",950,7 - 14,70.0,"","",30 x 20,R1 Maio,R3 Jan - Mai,"","",""
Cravina,RENDADA DOBRADA SORTIDA ANÃ DA ÍNDIA,358,"","[""Dianthus Chinesis Dwarf Double Mixed"", ""Clavelina de la China Dobrada Variada"", ""Dianthus chinensis L.""]",950,7 - 14,70.0,"","",30 x 20,R1 Abr - Ago,R3 Ago - Dez,"","",""
Cravina ,ANÃ SINGELA SORTIDA DA ÍNDIA,359,"","[""Dianthus Chinesis Dwarf Single Mixed/Persion Carp"", ""Clavelina de la China Simple Variada"", ""Dianthus chinesis""]",950,7 - 14,70.0,"","",30 x 20,R1 Abr - Ago,R3 Ago - Dez,"","",""
Cravo Chabaud ,GIGANTE DOBRADO AMARELO,366,"","[""Carnation Chabaud Double Yellow"", ""Cravo Chabaud Dobrado Amarillo"", ""Dianthus caryophyllus""]",520,7 - 14,250.0,"","",30 x 10,R1 Abr - Mai,R3 Fev - Jun,"","",""
Cravo Chabaud,GIGANTE DOBRADO SORTIDO,367,"","[""Carnation Chabaud Double Mixed"", ""Clave Chabaud Gigante Variado"", ""Dianthus caryophyllus""]",520,7- 14,250.0,"","",30 x 10,R1 Abr - Mai,R3 Fev - Jun,"","",""
Cravo Chabaud,GIGANTE DOBRADO BRANCO,368,"","[""Carnation Chabaud Double White"", ""Clavel Chabaud Gigante Blanco"", ""Dianthus caryophyllus""]",520,7 - 14,250.0,"","",30 x 10,R1 Abr - Mai,R3 Fev - Jun,"","",""
Cravo Chabaud,GIGANTE DOBRADO VERMELHO,369,"","[""Carnation Chabaud Double Red"", ""Clavel Chabaud Gigante Rojo"", ""Dianthus caryophyllus""]",520,7 - 14,250.0,"","",30 x 10,R1 Abr - Mai,R3 Fev - Jun,"","",""
Cravo Chabaud,GIGANTE DOBRADO ROSA,370,"","[""Carnation Chabaud Double Rose"", ""Clavel Chabaud Gigante Rosa"", ""Dianthus caryophyllus""]",520,7 - 14,250.0,"","",30 x 10,R1 Abr - Mai,R3 Fev - Jun,"","",""
Crisântemo,DOBRADO SORTIDO,373,"","[""Crysanthemum Coronarium Double Mixed"", ""Crisantemo de los Jardines"", ""Chrysanthemum coronarium""]",670,7 - 21,65.0,"","",30 x 30,R1 Abr - Ago,R3 Jul - Fev,"","",""
Crisântemo,CARINATUM SORTIDO,375,"","[""Crysanthemum Carinatum Single Mixed"", ""Crisantemo Carenado Variado"", ""Chrysanthemum carinatum""]",330,7 - 21,130.0,"","",30 x 30,R1 Abr - Ago,R3 Jul - Fev,"","",""
Crisântemo,MULTICAULE AMARELO,730,"","[""Chrysanthemum Multicaule Yellow"", ""Chrysanthemum Multicaule Amarillo"", ""Chrysanthemum multicaule Durieu""]",800,7 - 21,55.0,"","",30 x 30,R1 Abr - Jul,R3 Jul - Nov,"","",""
Margaridinha Branca,CRYSANTHEMUM PALUDOSUM,735,"","[""Crysanthemum Paludosum (White)"", ""Crysanthemum Paludosum Blanco"", ""Chrysanthemum paludosum""]",1850,7 - 21,24.0,"","",30 x 30,R1 Abr - Jul,R3 Jul - Nov,"","",""
Dália,DOBRADA SORTIDA ANÃ,378,"","[""Dahlia Unwin`s Bedding Double Dwarf Mixed "", ""Dalia Doble Variada"", ""Dahlia pinnata ""]",130,7 - 21,250.0,"","",40 x 30,R1 Mar - Nov,R3 Todo ano,"","",""
Dália,SINGELA SORTIDA ANÃ ,379,"","[""Dahlia Mignon Single Dwarf Mixed"", ""Dalia Simple Variada"", ""Dahlia pinnata""]",130,7 - 21,250.0,"","",40 x 30,R1 Mar - Nov,R3 Todo ano,"","",""
Delphinium,ESPORINHA DOBRADA SORTIDA,381,"","[""Delphinum Imperial Mixed/Larkspurt"", ""Delphinium /Espuela de Caballero"", ""Delphinium consolida L. => Consolida regalis Gra""]",385,10 - 21,95.0,"","",40 x 30,R1 Maio,R3 Jan - Mai,"","",""
Digitalis,FLOR DE GLOXINIA SORTIDA,383,"","[""Digitalis Excelsior Mixed/Foxglove"", ""Digital Variada/Dedalera"", ""Digitalis purpurea""]",9800,7 - 14,3.0,"","",40 x 30,R1 -,R3 Dez - Fev,"","",""
Dimorphoteca,MARGARIDA AFRICANA SORTIDA,384,"","[""Dimorphotheca Mixed/Star of the Veldt"", ""Dimorphotheca Variada"", ""Dimorphotheca sinuata""]",460,4 - 10,215.0,"","",20 x 20,R1 Mar - Nov,R3 Todo ano,"","",""
Eschscholzia,PAPOULA DA CALIFÓRNIA SORT.,385,"","[""Eschscholzia Califórnica Single Mixed/Poppy"", ""Escolzia/Amapola Californiana"", ""Eschscholzia californica""]",740,7 - 14,90.0,"","",30 x 20,R1 Maio,R3 Jan - Mai,"","",""
Ficóide,SORTIDO/TAPETE MÁGICO,387,"","[""Mesembryanthemum/Livingstone Daisy"", ""Mesembryanthemum/Rayito de Sol"", ""orotheanthus bellidiformis""]",3600,6 - 16,35.0,"","",30 x 10,R1 Abr - Ago,R3 Ago - Dez,"","",""
Gailardia,DOBRADA SORTIDA,389,"","[""Gaillardia Double Mixed/Blanket Flower"", ""Gaillardia Doble Variada"", ""Gaillardia pulchella""]",540,7 - 21,125.0,"","",30 x 20,R1 Abr - Ago,R3 Ago - Dez,"","",""
Gazânia,SORTIDA,745,"","[""Gazania Mixed"", ""Gazania Variada"", ""Gazania rigens (L.) gaerth""]",345,7 - 21,195.0,"","",30 x 20,R1 Mar - Nov,R3 Todo ano,"","",""
Gerânio,PELARGONIUM SORTIDO,750,"","[""eranio Pelargonium Mixed"", ""eranio Pelargonium Variado"", ""elargonium x hortorum""]",250,7 - 35,175.0,"","",30 x 30,R1 Todo ano,R3 Todo ano,"","",""
Gérbera,SORTIDA,755,"","[""Gerbera Mixed"", ""Gerbera Variada"", ""Gerbera jamesonii""]",300,7 - 14,225.0,"","",30 x 20,R1 Todo ano,R3 Todo ano,"","",""
Girassol,BONITO DE OUTONO SORTIDO,386,"","[""Sunflower Autumn Beauty Mixed"", ""Girasol Bello de Otoño Variado"", ""Helianthus annuus""]",40,4 - 10,200.0,"","",100 x 50,R1 Todo ano,R3 Set - Jan,"","",""
Girassol ,SOL NOTURNO,388,"","[""Sunflower Evening Sun"", ""Girasol Sol Nocturno"", ""Helianthus annuus""]",25,4 - 10,350.0,"","",100 x 50,R1 Todo ano,R3 Set - Jan,"","",""
Girassol de Jardim ,DOBRADO AMARELO ANÃO,390,"","[""Sunflower Sungold Dwarf"", ""Girassol de los Jardines Doble Amarillo Bajo"", ""Helianthus annuus""]",40,4 - 10,330.0,"","",100 x 30,R1 Todo ano,R3 Set - Jan,"","",""
Girassol ,ANÃO DE JARDIM,391,"","[""Sunflower Sunspot Dwarf"", ""Girasol de los Jardines Bajo"", ""Helianthus annuus""]",20,4 - 10,660.0,"","",100 x 30,R1 Todo ano,R3 Set - Fev,"","",""
Girassol de Jardim ,AMARELO ALTO,392,"","[""unflower Zebulon Tall"", ""irassol de los Jardines Amarillo Alto"", ""elianthus annuus""]",12,4 - 10,660.0,"","",100 x 50,R1 Todo ano,R3 Set - Fev,"","",""
Girassol,SOL VERMELHO,398,"","[""Sunflower Red Sun"", ""Girasol Sol Rojo"", ""Helianthus annuus""]",40,4 - 10,180.0,"","",100 x 50,R1 Todo ano,R3 Set - Dez,"","",""
Girassol,DEBILIS CREME,400,"","[""Sunflower Ice Cream"", ""Girasol Debilis Creme"", ""Helianthus debilis""]",180,5 - 14,45.0,"","",100 x 50,R1 Todo ano,R3 Set - Dez,"","",""
Goivos,DEZ SEMANAS SORTIDO ANÃO,393,"","[""Stocks Ten Weeks Mixed Dwarf"", ""Aleli Diez Semanas Variado"", ""Matthiola incana""]",660,7 - 14,70.0,"","",30 x 30,R1 -,R3 Mar - Mai,"","",""
Grama,BERMUDA (FOLHA FINA),502,"","[""Bermuda Grass"", ""Cesped Bermuda/ Cesped"", ""Cynodon dactylon""]",3200,7 - 28,10500.0,"","",(Semear a lanço) 1 x 1,R1 Todo ano,R3 Set - Jan,"","",""
Grama,SAO CARLOS (FOLHA LARGA),518,"","[""São Carlos Grass"", ""Cesped São Carlos"", ""Axonopus affini""]",2230,Plantio a lanço 10 - 28,12500.0,"","",(Semear a lanço) 1 x 1,R1 Todo ano,R3 Ago - Abr,"","",""
Grama,MISSIONEIRA/CARPETE (FOLHA LARGA),517,"","[""Carpet Grass"", ""Cesped Carpete"", ""Axonopus affinis""]",2230,Plantio a lanço 10 - 28,12500.0,"","",(Semear a lanço) 1 x 1,R1 Todo ano,R3 Ago - Abr,"","",""
Gypsophila,ELEGANS/MOSQUITINHO SORT.,396,"","[""GypsophilaMixed / Baby´s Breath"", ""Gypsophila Variada"", ""Gypsophila elegans""]",2000,Plantio a lanço 7 - 14,25.0,"","",30 x 30,R1 -,R3 Set - Jan,"","",""
Gypsophila,ELEGANS/MOSQUITINHO BRANCO,395,"","[""Gypsophila White Large Flower/Baby’s Breath"", ""Gypsophila Blanca"", ""Gypsophila elegans""]",1400,7 - 14,35.0,"","",30 x 30,R1 -,R3 Set - Jan,"","",""
Gypsophila Panicolata,SNOWFLAKE DOBRADA BRANCA,775,"","[""Gypsophila Paniculata Snowflake Double Whit"", ""Gypsophila Paniculata Snowflake Doble Branc"", ""Gypsophila paniculata""]",1700,7,30.0,"","",30 x 30,R1 -,R3 Ago - Out,"","",""
Helichrysum,SEMPRE-VIVA SORTIDA,397,"","[""Helichrysum Bracteatum Mixed/Strawflower "", ""Helichrysum/Siempre-Viva Variada"", ""Helichrysum bracteatum""]",1700,7 - 14,30.0,"","",30 x 30,R1 -,R3 Ago - Out,"","",""
Ipomea,PURPÚREA SORTIDA/CAMPAINHA,402,"","[""Ipomea Purpurea Mixed/Morning Glory"", ""Ipomea Purpurea/Campanilla"", ""Ipomoea purpurea""]",40,7 - 14,420.0,"","",80 x 30,R1 -,R3 Set - Fev,"","",""
ODORATUS SORTIDO/ERVILHA ,CHEIROSA,404,"","[""Lathyrus Spencer Mixed Sweet Pea"", ""Arvejilla de Olor Variada"", ""Lathyrus odoratus""]",15,7 - 14,3000.0,"","",30 x 30,R1 -,R3 Mar - Mai,"","",""
Lavatera,SORTIDA,405,"","[""Lavatera Trimestris Mixed"", ""Lavatera Variada"", ""Lavatera trimestris""]",200,7 - 21,85.0,"","",80 x 30,R1 Abr - Ago ,R3 Fev - Nov,"","",""
Linária ,MAROCCANA SORTIDA,411,"","[""Linaria Maroccana Mixed/Toad Flax"", ""Linaria Maroccana Variado"", ""Linaria maroccana""]",16000,7 - 21,4.0,"","",25 x 25,R1 Out - Fev,R3 Nov - Jan,"","",""
Lobelia,ERINUS,406,"","[""Lobelia Erinus Crystal Palace Compacta"", ""Lobelia Erinus"", ""Lobelia erinus""]",52000,14 - 21,3.0,"","",30 x 10,R1 -,R3 Mar - Ago,"","",""
Lupinos,SORTIDO,408,"","[""Lupinus Hartwegii King Mixed"", ""Lupinus Variado/Altramus-de-Flor"", ""Lupinus hartwegii""]",50,7 - 21,670.0,"","",40 x 30,R1 Todo ano,R3 Out - Abr,"","",""
Lupinos ,CORAL PERENE,409,"","[""Lupinus Galery Red Shades"", ""Lupinus Rojo / Altramu-de-flor"", ""Lupinus polyphylus""]",50,7 - 21,670.0,"","",40 x 30,R1 Todo ano,R3 Out - Abr,"","",""
Lupinos,AMARELO PERENE,410,"","[""upinus Galery Yellow Shades"", ""upinus Amarillo / Altramu-de-flor"", ""upinus Polyphylus""]",45,7 - 21,750.0,"","",40 x 30,R1 Todo ano,R3 Out - Abr,"","",""
Margarida,GIGANTE BRANCA,414,"","[""Chrysanthemum Early May Queen/Shasta Dai"", ""Margarita Gigante Blanca"", ""Chrysanthemum leucanthemum""]",2500,7 - 21,14.0,"","",40 x 30,R1 Maio,R3 Jan - Mai,"","",""
Myosotis Alpestris,NÃO-TE-ESQUEÇAS-DE-MIM,416,"","[""Myosotis Alpestris Blue/Forget-Me-Not"", ""Myosotis/No-Me-Olvides"", ""Myosotis alpestris""]",1600,7 - 21,45.0,"","",30 x 20,R1 Mai - Jul,R3 Jan - Mai,"","",""
Mirabilis ,BELA-DA-NOITE/MARAVILHA DO PERU SORTIDA,415,"","[""irabilis Jalapa Mixed/Four O´clock"", ""irabilis Variada"", ""irabilis jalapa""]",12,7 - 14,2100.0,"","",40 x 40,R1 Mar - Ago,R3 Ago - Mar,"","",""
Nemesia,STRUMOSA SORTIDA,420,"","[""Nemesia Strumosa Triumph Mixed"", ""Nemesia Variada"", ""Nemesia strumosa""]",6500,7 - 21,25.0,"","",30 x 10,R1 Mai - Jul,R3 Jan - Mai,"","",""
Nigela,SORTIDA/DEDO-DE-DAMA,425,"","[""Love-In-A-Mist Double Mixed"", ""Cabello De Venus Double Variado"", ""Nigella damascena L.""]",420,7 - 21,110.0,"","",30 x 30,R1 Jun - Set,R3 Out - Fev,"","",""
Portulaca/Onze Horas,DOBRADA SORTIDA,435,"","[""ortulaca Double Mixed "", ""ortulaca Doble Variada"", ""ortulaca grandiflora""]",10000,7 - 14,15.0,"","",30 x 10,R1 Abr - Jun ,R3 Ago - Fev,"","",""
Papoula,SINGELA SORTIDA,426,"","[""Poppy Shirley Single Mixed"", ""Amapola Simple Variada"", ""Papaver rhoeas""]",9000,7 - 14,8.0,"","",30 x 20,R1 Mai - Jul,R3 Set - Mai,"","",""
Petúnia Híbrida,SORTIDA,430,"","[""Petunia Bedding Mixed"", ""Petunia Hibrida Variada"", ""Petunia hybrida multiflora""]",11000,7 - 14,3.0,"","",40 x 30,R1 Mai - Jul,R3 Ago - Mar,"","",""
Petúnia, F2 SORTIDA,790,"","[""etunia F2 Mixture"", ""etunia F2 Variada"", ""etunia axillaria x Petunia integrifolia (hybrida ""]",14300,7 - 10,3.0,"","",40 x 30,R1 Mai - Jul,R3 Ago - Dez,"","",""
Petúnia Grandiflora Singela ,POSTILION HÍBRIDA SORTIDA,795,"","[""Petunia Grandiflora Single Postilion Hybrid Mix"", ""Petunia Grandiflora Single Postillón Hibrida Va"", ""Petunia x hybrida""]",12300,7 - 14,3.0,"","",40 x 30,R1 Mai - Jul,R3 Ago - Dez,"","",""
Petúnia,NANA COMPACTA SORTIDA,800,"","[""Petunia Nana Compacta Mixed"", ""Petunia Nana Compacta Variada"", ""Petunia x hybrida""]",12600,7 - 10,3.0,"","",40 x 30,R1 Mai - Jul,R3 Ago - Dez,"","",""
Phacelia ,AZUL,431,"","[""hacelia Tanacetifolia"", ""hacelia Azul"", ""hacelia tanacetifolia""]",530,5 - 14,20000.0,"","",20 x 20,R1 Mar - Ago,R3 Ago - Mar,"","",""
Phlox Drummondi,ALTO SORTIDO/CHITINHA,432,"","[""Phlox Drummondi Tall Mixed"", ""Phlox Drummondi Variado"", ""Phlox drummondi""]",505,7 - 21,120.0,"","",30 x 20,R1 Todo ano,R3 Todo ano,"","",""
Phlox Drummondi,ESTRELADO ANÃO SORTIDO/CHITINHA,433,"","[""Phlox Drummondi Twinkles Dwarf Mixed"", ""Phlox Drummondi Estrelado Variado"", ""Phlox drummondi""]",505,7 - 21,135.0,"","",30 x 20,R1 Todo ano,R3 Todo ano,"","",""
Phlox Drummondi,ANÃ COMPACTA BEAUTY SORTIDA,805,"","[""Phlox Drommondii Nana Compacta Beauty Mixed"", ""Phlo Drummondii Baja Compacta Beauty Variada"", ""Phlox drummondii""]",502,7 - 21,132.0,"","",30 x 20,R1 Todo ano,R3 Todo ano,"","",""
Piretro Híbrido,SORTIDO,434,"","[""Pyrethum Single Mixed"", ""Pirethum Variado"", ""Pyrethrum hybridum""]",460,7 - 21,80.0,"","",40 x 30,R1 Todo ano,R3 Todo ano,"","",""
Onze Horas,PORTULACA SINGELA SORTIDA,436,"","[""Portulaca Single Flowered Mixed"", ""Portulaca Variada / Flor de Seda"", ""Portulaca grandiflora""]",11000,7 - 14,13.0,"","",30 x 10,R1 Abr - Jun,R3 Ago - Fev,"","",""
Potentilha,CINCO-FOLHAS,439,"","[""Pontetilla Miss Willmott Nepal Cinquefoil"", ""Potentilha Nepalensis"", ""Potentilla nepalensis""]",7600,7 - 21,13.0,"","",30 x 30,R1 Mai - Ago ,R3 Set - Jan,"","",""
Prímula ,ELATIOR SORTIDA,437,"","[""Primula Veirs Elatior Mixed"", ""Primula Elatior Variada"", ""Primula elatior""]",1200,14 - 28,56.0,"","",30 x 20,R1 Mai - Ago,R3 Set - Jan,"","",""
Rudbeckia,DOBRADA/MARGARIDA AMARELA,441,"","[""Rudbeckia Hirta Double"", ""Rudbeckia"", ""Rudbeckia hirta""]",1800,7 - 21,25.0,"","",30 x 30,R1 Jun - Dez,R3 Ago - Jan,"","",""
Rudbeckia,MARGARIDA AMARELA,442,"","[""Rudbeckia Hirta Gloriosa Daisies Mixed"", ""Rudbeckia"", ""Rudbeckia hirta""]",1800,7 - 21,25.0,"","",30 x 30,R1 Jun - Dez,R3 Ago - Jan,"","",""
Sálvia Splendens Alta,FLOR-DE-CARDEAL,446,"","[""Salvia Splendens Early Bonfire Tall"", ""Salvia Splendens Alta"", ""Salvia splendens""]",260,7 - 21,170.0,"","",30 x 30,R1 Todo ano,R3 Todo ano,"","",""
Sálvia Splendens Anã,FLOR-DE-CARDEAL,447,"","[""Salvia Splendens Blaze of Fire Dwarf"", ""Salvia splendens Ana"", ""Salvia splendens""]",260,7 - 21,170.0,"","",30 x 30,R1 Todo ano,R3 Todo ano,"","",""
Sálvia Splendens,AMORE BRANCA,812,"","[""alvia Splendens Amore White"", ""alvia Splendens Amor Blanca"", ""alvia Splendens""]",260,7 - 21,170.0,"","",30 x 30,R1 Todo ano,R3 Todo ano,"","",""
Sálvia Splendens,AMORE LAVANDA,813,"","[""Salvia Splendens Amore Lavanda"", ""Salvia Splendens Amor Espliego"", ""Salvia splendens""]",260,7 - 21,170.0,"","",30 x 30,R1 Todo ano,R3 Todo ano,"","",""
Sálvia Splendens,AMORE ROSA BICOLOR,814,"","[""Salvia Splendens Amore Pink Bicolor"", ""Salvia Splendens Amor Rosa Bicolor"", ""Salvia splendens""]",300,7 - 21,150.0,"","",30 x 30,R1 Todo ano,R3 Todo ano,"","",""
Sálvia Splendens,CARABINIERI,815,"","[""alvia Splendens Carabinieri"", ""alvia Splendens Carabinieri"", ""alvia splendens""]",260,7 - 21,170.0,"","",30 x 30,R1 Todo ano,R3 Todo ano,"","",""
Sálvia Splendens,AMORE SALMÃO,816,"","[""Salvia Splendens Amore Salmon"", ""Salvia Splendens Amor Salmón"", ""Salvia splendens""]",260,7 - 21,170.0,"","",30 x 30,R1 Todo ano,R3 Todo ano,"","",""
Sálvia Splendens,AMORE NATALINA,817,"","[""Salvia Splendens Amore Natalina"", ""Salvia Splendens Amor Natalina"", ""Salvia splendens""]",325,7 - 21,140.0,"","",30 x 30,R1 Todo ano,R3 Todo ano,"","",""
Statice,SORTIDA (SEMENTES LIMPAS),450,"","[""tatice Sinuata Mixed (Clean Seeds)"", ""talice Variada (Semillas Limpias)"", ""imonium sinuatum""]",390,6 - 8,115.0,"","",30 x 30,R1 Jun - Nov ,R3 Jul - Jan,"","",""
Tagete,SORTIDA ANÃ/CRAVO-DA-ÍNDIA,454,"","[""Marigold French Dwarf Double Mixed"", ""Tagete Bajo/Copete/Clavel Japonês"", ""Tagete patula""]",300,5 - 14,225.0,"","",30 x 20,R1 Todo ano,R3 Todo ano,"","",""
Tagete,SORTIDA ALTA/CRAVO-DA-ÍNDIA,455,"","[""Marigold African Tall Double Mixed"", ""Tagete Alto/Copete/Clavel Japonês"", ""Tagete erecta""]",300,5 - 14,150.0,"","",30 x 30,R1 Todo ano,R3 Todo ano,"","",""
Tagete,TIGER EYES ANÃ,826,"","[""Tagete Tiger Eyes Dwarf"", ""Tagete Tiger Eyes Baja"", ""Tagete patula""]",300,5 - 14,225.0,"","",30 x 20,R1 Mar - Out,R3 Ago - Fev,"","",""
Thumbergia,TREPADEIRA/AMARELINHA,456,"","[""Black-Eyed Susan"", ""Thumbergia Corredeira"", ""Thumbergia alata""]",44,6 - 8,1015.0,"","",30 x 30,R1 Todo ano,R3 Todo ano,"","",""
Tithonia,GIRASSOL MEXICANO,457,"","[""Tithonia Torch / Mexican Sunflower"", ""Tithonia / Girasol Mejicano"", ""Tithonia speciosa""]",100,4 - 8,445.0,"","",30 x 30,R1 Todo ano,R3 Todo ano,"","",""
Torênia F1Little Kiss mix ,AMOR-PERFEITO DE VERÃO,828,"","[""Torênia F1 Litlle Kiss Mix"", ""Torênia F1 Little Kiss Variado"", ""Torenia fourniere""]",830,5 - 14,85.0,"","",30 x 20,R1 Todo ano,R3 Todo ano,"","",""
Verbena Híbrida,CAMARADINHA SORTIDA,460,"","[""Verbena Hybrid Ideal Florist Mixed"", ""Verbena Hibrida Variada"", ""Verbena hybrida""]",400,10 - 28,115.0,"","",30 x 30,R1 Mai - Set,R3 Ago - Dez,"","",""
Venidium,LARANJA,458,"","[""Venidium Orange"", ""Venidium Naranja"", ""Arctotis fastuosa""]",1150,7 - 21,40.0,"","",30 x 30,R1 Abr - Out,R3 Ago - Mar,"","",""
Vinca ,SORTIDA/BOA NOITE,461,"","[""Vinca Rosea Mixed"", ""Vinca Variada"", ""Catharanthus roseus""]",705,6 - 12,80.0,"","",30 x 25,R1 Mai - Set,R3 Set - Fev,"","",""
Zinnia Gigante,DA CALIFÓRNIA SORTIDA,462,"","[""Zinnia Californian Giant Mixed"", ""Zinnia Gigante Variada/Flor-de-Papel"", ""Zinnia elegans""]",120,5 - 10,375.0,"","",30 x 30,R1 Todo ano ,R3 Ago - Fev,"","",""
Zinnia,CACTUS,463,"","[""Zinnia Cactus Mixed"", ""Zinnia Cactus Variada"", ""Zinnia elegans""]",120,5 - 10,370.0,"","",30 x 30,R1 Todo ano ,R3 Ago - Fev,"","",""
Zinnia,LILLIPUT SORTIDA,464,"","[""Zinnia Lilliput Double Mixed"", ""Zinnia Lilliput Variada/Flor-de-Papel"", ""Zinnia elegans""]",180,5 - 10,250.0,"","",30 x 30,R1 Todo ano ,R3 Ago - Fev,"","",""
Zinnia ,PERSA ANÃ SORTIDA,465,"","[""Zinnia Haageana Double Persian Carpet"", ""Zinnia Persa Variada/Flor-de-Papel"", ""Zinnia haageana""]",590,5 - 10,115.0,"","",30 x 20,R1 Todo ano ,R3 Ago - Fev,"","",""
Zinnia Gigante,DA CALIFÓRNIA AMARELA,835,"","[""Zinnia Californian Giant Yellow"", ""Zinnia Gigante Amarela/Flor-de-Papel"", ""Zinnia elegans""]",180,5 - 10,245.0,"","",30 x 30,R1 Todo ano ,R3 Ago - Fev,"","",""
Zinnia Gigante,DA CALIFÓRNIA BRANCA,836,"","[""Zinnia Californian Giant White"", ""Zinnia Gigante Blanca/Flor-de-Papel"", ""Zinnia elegans""]",125,5 - 10,360.0,"","",30 x 30,R1 Todo ano ,R3 Ago - Fev,"","",""
Zinnia Gigante,DA CALIFÓRNIA LARANJA,837,"","[""Zinnia Californian Giant Orange"", ""Zinnia Gigante Naranja/Flor-de-Papel"", ""Zinnia elegans""]",115,5 - 10,390.0,"","",30 x 30,R1 Todo ano ,R3 Ago - Fev,"","",""
Zinnia Gigante,DA CALIFÓRNIA ROSA,838,"","[""Zinnia Californian Giant Rose"", ""Zinnia Gigante Rosa/Flor-de-Papel"", ""Zinnia elegans""]",180,5 - 10,250.0,"","",30 x 30,R1 Todo ano ,R3 Ago - Fev,"","",""
Zinnia Gigante,DA CALIFÓRNIA SALMÃO,839,"","[""Zinnia Californian Giant Salmon"", ""Zinnia Gigante Salmon / Flor-de-Papel"", ""Zinnia elegans""]",180,5 - 10,250.0,"","",30 x 30,R1 Todo ano ,R3 Ago - Fev,"","",""
Zinnia Gigante,DA CALIFÓRNIA VERMELHA,840,"","[""Zinnia Californian Giant Red"", ""Zinnia Gigante Rojo/Flor-de-Papel"", ""Zinnia elegans""]",180,5 - 10,250.0,"","",30 x 30,R1 Todo ano ,R3 Ago - Fev,"","",""
